Band;FanfictionCount
BTS;169884
One Direction (Band);61598
NCT (Band);51666
EXO (Band);44190
SEVENTEEN (Band);27594
Stray Kids (Band);26409
My Chemical Romance;17376
GOT7;14328
Monsta X (Band);11556
ATEEZ (Band);11083
Fall Out Boy;10604
5 Seconds of Summer (Band);10043
Twenty One Pilots;8695
TOMORROW X TOGETHER | TXT (Korea Band);8498
Super Junior;7958
Panic! at the Disco;7715
Queen (Band);7705
TWICE (Band);7524
Arashi (Band);6946
YG Entertainment | YG Family;6892
Wanna One (Band);6097
1960s Music Scene RPF;6078
SHINee;6024
VIXX;5798
The Beatles (Band);5118
DBSK | Tohoshinki | TVfXQ | TVXQ;4691
Adam Lambert (Musician);4264
LOONA (Korea Band);3942
The Boyz (Korea Band);3922
Red Velvet (K-pop Band);3731
NINE PERCENT (Band);3689
Hey! Say! JUMP (Band);3530
Day6 (Band);3414
Vocaloid;3255
ENHYPEN (Band);3227
iKON (Korea Band);2786
BLACKPINK (Band);2712
X1 (Korea Band);2628
Big Bang (Band);2534
NU'EST;2452
Dreamcatcher (Korea Band);2442
创造101 | Produce 101 (China TV);2404
INFINITE (Band);2339
ONEUS (Band);2266
Ghost - Ambiguous Fandom;2249
B.A.P;2232
ASTRO (Band);2215
Ghost (Sweden Band);2208
Gorillaz;2207
the GazettE (Band);2131
Kanjani8 (Band);2033
Mamamoo;1940
The Mechanisms (Band);1934
KAT-TUN (Band);1877
MIRROR (Hong Kong Band);1797
Pentagon (Korea Band);1774
TFBOYS (Band);1762
All Time Low (Band);1758
SuperM (Korea Band);1713
R1SE (Band);1644
Winner (Band);1554
告白実行委員会 | Confession Executive Committee;1538
KinKi Kids (Band);1457
JJ Project;1456
Backstreet Boys;1442
Rammstein;1383
Cobra Starship;1381
VICTON (Band);1378
NEWS (Japan Band);1368
ONER (Band);1365
NSYNC;1354
SF9 (Band);1337
Tommy Ratliff (Musician);1282
A.C.E (Beat Interactive Band);1280
JYJ (Band);1255
Kagerou Project;1214
Tokio Hotel;1209
TREASURE (Korea Band);1163
Dir en grey;1160
JO1 (Japan Band);1097
Taylor Swift (Musician);1086
Mystery Skulls Animated;1077
Eurovision Song Contest RPF;1062
Block B (Band);1059
소녀시대 | Girls' Generation | SNSD;1059
Guns N' Roses;1058
Disney RPF;1034
IZONE (Band);1028
UP10TION;1025
ITZY (Band);1018
Muse (Band);992
The Academy Is...;985
(여자)아이들 | (G)I-DLE;962
Hanson (Band);937
Oasis (Band);922
SixTONES (Band);911
Hadestown - Mitchell;909
Steam Powered Giraffe;874
Electronic Dance Music RPF;871
Kris Allen (Musician);860
Golden Child (Korea Band);834
Mötley Crüe;834
SB19 (Band);829
Waterparks (Band);827
Fifth Harmony (Band);801
Cravity (Band);787
Festival di Sanremo RPF;760
Måneskin (Band);753
Led Zeppelin;747
30 Seconds to Mars;746
Last Shadow Puppets;733
Arctic Monkeys;717
Pentatonix;701
f(x);700
AKB48 & Related Fandoms;698
Pierce the Veil;678
Little Mix (Band);663
Green Day;658
Finnish Music RPF;657
Canadian Music RPF;656
Slipknot (Band);640
ONF (Band);639
AB6IX (Band);634
BTOB (Band);622
British Singers RPF;619
C-Pop;618
Black Veil Brides;614
UNIQ (Band);613
Metallica;608
Kis-My-Ft2 (Band);604
ONEWE (Band);600
UNINE (Band);596
EXILE (Japan Band);588
Jonas Brothers;567
우주소녀 | Cosmic Girls | WJSN;565
Take That (Band);557
Ylvis RPF;557
Indie Music RPF;555
Sleeping With Sirens;552
Linkin Park;542
SNH48;522
Johnny's Jr.;516
Duran Duran;515
Sexy Zone (Band);515
Blind Channel (Band);512
The Used;505
Superfruit;502
Bastille (Band);498
Young Veins;496
Produce 101 (Japan TV);480
A9 | Alice Nine (Band);471
Bon Jovi (Band);470
歌い手 | Utaite;459
Glam Rock RPF;451
X Factor RPF;450
PRISTIN (Band);448
Tiny Meat Gang (Band);448
Shawn Mendes (Musician);447
Marilyn Manson (Band);435
ONE OK ROCK;432
David Bowie (Musician);431
Daft Punk;417
Kane (Band);417
Aespa (Band);408
여자친구 | GFriend (Band);406
INTO1 (Band);399
Paramore;398
Avenged Sevenfold;397
Blur (Band);394
时代少年团 | Teens in Times (Band);389
The Monkees (Band);386
Evillious Chronicles;377
Super Junior-M;369
Machine Gun Kelly (Musician);368
TWRP | Tupper Ware Remix Party (Band);364
The Smiths;362
Westlife;357
Mindless Self Indulgence (Band);355
2PM (Band);353
KISS (US Band);352
Hollywood Undead (Band);350
I-LAND (Korea TV);343
SMAP (Band);342
X JAPAN;340
JBJ (Band);335
The 1975 (Band);332
Punk Rock RPF;332
Topp Dogg | Xeno-T (Band);331
AFI (Band);323
Catfish and the Bottlemen (Band);322
U2 (Band);319
Bring Me The Horizon;311
BUCK-TICK;310
The Rolling Stones;306
Blake Shelton (Musician);305
Greta Van Fleet (Band);302
乐华七子NEXT | NEX7;302
Ed Sheeran (Musician);296
J Soul Brothers (Band);294
Big Time Rush (Band);284
frnkiero andthe cellabration;284
Palaye Royale (Band);277
Snow Man (Japan Band);277
You Me At Six;272
I Don't Know How But They Found Me (Band);271
VERIVERY (Band);270
크나큰 | KNK (Band);267
Blink-182;266
Gerard Way and the Hormones;266
Motionless in White (Band);266
Yungblud (Musician);264
UTAU;261
The Who (Band);260
AKB48;257
N.Flying (Band);255
SM Rookies;253
SECHSKIES (Band);252
Nirvana (Band);248
Shinhwa (Band);244
Halsey (Musician);242
McFly (Band);240
Classical Music RPF;237
Gackt (Musician) RPF;237
Poets of the Fall;235
Eminem (Musician);234
Justin Bieber (Musician);231
CIX (Band);220
2NE1;219
Highlight | Beast (Band);219
Generations from Exile Tribe (Band);216
Pink Floyd;214
The Libertines;212
New Kids On The Block;211
GTOP (Band);210
Union J (Band);210
MXM (Band);208
OnlyOneOf (Band);207
Hello! Project;206
HOTSHOT (Band);206
Malice Mizer;206
Fleetwood Mac (Band);204
L'Arc~en~Ciel;204
Gym Class Heroes;202
The Rampage from Exile Tribe (Band);199
Oh My Girl (Band);197
Depeche Mode;195
Mayhem (Band);193
Mr. King vs Mr. Prince (Band);192
Michael Jackson (Musician);186
Z.Tao (Musician);186
Andrew Hozier-Byrne (Musician);184
K.A.R.D (Band);176
Nightwish;176
THE9 (Band);176
We Go Up - NCT Dream (Music Video);172
Adam Levine (Musician);171
Keyakizaka46 (Band);170
Frank Iero and the Patience;169
MEJIBRAY;168
B1A4;165
Florence + the Machine;165
GacktJOB;165
A Very Potter Musical Series - Team StarKid;163
Megadeth;161
Sabaton (Band);160
WEi (Korea Band);159
CLC (Band);158
U-KISS;158
The Travelling Wilburys (Band);156
EXID (Band);153
I.O.I (Band);150
火箭少女 | Rocket Girls (Band);149
Hurts (UK Band);148
Lovelyz;148
Nine Inch Nails (Band);148
Afterhours (Band);147
Def Leppard;147
Best Song Ever - One Direction (Music Video);146
LeATHERMØUTH;144
新裤子 | New Pants (Band);143
SCREW (Band);143
D (Band);141
Gloryhammer (Band);137
fromis_9 (Band);136
MIKA (Musician) RPF;135
Versailles (Band);135
Morning Musume.;133
台风少年团 | Typhoon Teens (Band);133
English and Scottish Popular Ballads - Francis James Child;131
Melanie Martinez (Musician);131
HIM (Band);130
Placebo (UK Band);130
UNB (Band);129
V6 (Band);128
Pearl Jam;127
The Rose (Band);126
TOKIO (Japan Band);126
Gugudan (Band);125
易安音乐社 | Yi An Musical (Band);123
Midwest Kings;122
Miss A;122
Show Me the Money (Korea TV);122
X Factor (UK) RPF;122
The Vamps (UK Band);121
Demi Lovato (Musician);120
A Pink (Band);118
Bob Dylan (Musician);118
Falling in Reverse;118
Kagrra;117
Marianas Trench (Band);117
LUNA SEA;116
MBLAQ;116
Set It Off (Band);116
Morrissey (Musician) RPF;114
IU (Musician);112
Radiohead (Band);112
Alice in Chains;111
时之歌 | Song of Time Project;111
Teen Top (Band);109
The Kinks (Band);107
Nogizaka46 (Band);107
Why Don't We (Band);107
Initial'L (Band);106
Breaking Benjamin (Band);105
Repugnant (Band);105
H.O.T. (Band);104
Jay Park (Musician);104
Murderdolls (Band);104
Of Mice & Men (Band);104
TO1 | TOgether as 1 (Band);104
Country Music RPF;103
Empires (Band);103
STARSET (Band);103
Tegan and Sara (Band);102
Triple H (Korea Band);102
X 玖少年团 | X-NINE (Band);102
Urban Strangers (Band);101
Johnny's WEST;100
Panik (Band);100
Buzz (Korea Band);99
終焉ノ栞プロジェクト | Shuuen no Shiori Project;99
The Ramones;98
The Brobecks;97
Soundgarden (Band);96
David Cook (Musician);94
华晨宇 | Hua Chenyu (Musician);94
Apocalyptica (Band);93
Frank Iero and the Future Violents (Band);93
GNZ48 (Band);93
Weki Meki (Band);93
Hyde (Musician) RPF;92
P1Harmony (Band);92
Mayday (Taiwan Band);91
Boyfriend (Band);90
Coldplay (Band);90
History (Band);90
Royz;89
Sound Horizon (Band) RPF;88
Lemon Demon (Musician);87
The Wanted (Band);86
Intersection (Band);85
The Cab (Band);84
Dr. Carmilla (Musician);84
Hush Sound;84
己龍 | Kiryuu;84
Within Temptation (Band);84
All-American Rejects;83
AOA | Ace of Angels;83
As It Is (Band);83
Hatari (Band);83
MCND (Band);83
The Strokes;83
五堅情 | W0LF(S) (Band);83
大波浪 | THE BIG WAVE (Band);79
The Like (Band);79
Midtown (Band);78
燃烧吧少年! | X-Fire RPF;78
Anthrax (US Band);77
Lady Gaga (Musician);77
Simon & Garfunkel;77
SKE48;77
The Young Blood Chronicles - Fall Out Boy (Music Video);77
Foo Fighters;76
Genghis Khan - Miike Snow (Music Video);76
Kasabian;76
Lana Del Rey (Musician);76
SS501;76
4minute (Band);75
BEJ48 (Band);75
Pencey Prep;75
Tackey & Tsubasa (Band);75
MUCC;74
SID (Japan Band);73
Ariana Grande (Musician);72
EVERGLOW (Band);72
SBFIVE (Band);72
Nightmare (Band);71
Good Charlotte;70
Tam Lin (Traditional Ballad);70
15& (Band);69
Miyavi (Musician);69
Selena Gomez (Musician);69
Alkaline Trio (Band);68
The Move (Band);68
Spice Girls;68
CROSS GENE;67
H&D (Korea Band);67
America's Suitehearts - Fall Out Boy (Music Video);66
VAV (Band);66
Bad Blood - Taylor Swift (Music Video);65
DEAN (Korean Musician);65
Flight of the Conchords - All Media Types;65
MILGRAM (Music Videos);65
Powerwolf (Band);65
Chungha (Musician);64
The Cure (Band);64
FANXY CHILD (Band);64
Love-tune | 7ORDER (Band);64
Skid Row (US Band);64
DIAURA;63
DRIPPIN (Korea Band);63
Elton John (Musician);63
The Network (Band);63
Hello Future - NCT Dream (Music Video);62
KARA (Band);62
MY FIRST STORY (Band);62
Rush (Band);62
ZE:A (Band);62
Агата Кристи | Agatha Christie (Band);61
Co-ed School (Band);61
Daenamhyup | DNH;60
Death Spells (Band);60
Hinatazaka46 (Band);60
McBusted (Band);60
PVRIS (Band);60
Skrillex (Musician);60
X Factor (Italy) RPF;60
After School (Band);58
Jupiter (Band);58
Speed (Korea Band);58
VAMPS (Japan Band);58
A.B.C.-Z;57
Iron Maiden (Band);57
lynch. (Band);57
Momoland (Band);57
Poison (US Band);57
R5 (Band);57
Three Days Grace (Band);57
걸어 | All in - Monsta X (Music Video);56
Magna Carta Cartel (Band);56
SpeXial (Band);56
Starlight Brigade - TWRP ft. Dan Avidan (Music Video);56
Years & Years (Band);56
Asking Alexandria (Band);55
The Killers (Band);55
SISTAR;55
BROCKHAMPTON (Band);54
IMFACT (Band);54
Kep1er (Band);54
Sakurazaka46 (Band);54
Les Casseurs Flowters (Band);53
D'espairsRay;53
Eisbrecher;53
Electric Light Orchestra;53
Escape the Fate (Band);53
KoRn (Band);53
Simple Plan (Band);53
Weezer (Band);53
БИ-2 | BI-2 (Band);52
Secret (Korea Band);52
Sukekiyo (Band);52
Sunmi (Korea Musician);52
五条人 | Wu Tiao Ren (Band);52
Arcadia (UK Band);51
The Clash;51
Rudolph the Red-Nosed Reindeer - All Media Types;51
Die Ärzte;50
Stone Sour (Band);50
GHOST | GHOST and Pals (Musician);49
T-Ara;49
BEYOOOOONDS (Band);48
Electric Century;48
Isaac Carpenter (Musician);48
Kraftwerk (Band);48
Taking Back Sunday;48
VOICEROID;48
1The9 (Band);47
Ayabie (Band);47
BAE173 (Band);47
Busted (Band);47
FFC-Acrush (Band);47
Genesis (Band);47
Pete Wentz and His Humans;47
RoadTrip (Band);47
CNBLUE (Band);46
Everybody Else (Band);46
F. T. Island;46
MYTEEN (Band);46
Pet Shop Boys;46
Tim Sköld (Musician);46
B.I.G | Boys in Groove;45
Billie Eilish (Musician);45
Deadmau5 (Musician);45
LM.C (Japan Band);45
Sadie (Band);45
Wonder Girls (Band);45
Girl's Day (Band);44
I'm in Love with an E-Girl Series - Wilbur Soot (Song Cycle);44
Manic Street Preachers;44
Avatar (Sweden Band);43
DIA (Band);43
Dramarama - Monsta X (Music Video);43
IXFORM (Band);43
The Maccabees (Band);43
Marina & the Diamonds;43
Nocturnal Bloodlust;43
Shinedown (Band);43
SuG (Band);43
Synthesizer V;43
D-OUT (Band);42
Fuck City (Band);42
Glass Animals (Band);42
Sex Pistols (Band);42
Slash (Musician);42
Lord of the Lost (Band);41
Siouxsie and the Banshees (Band);41
Stereo Kicks (Band);41
Zendaya (Musician);41
7 MEN 侍 | 7 MEN Samurai (Band);40
Black Cards (Band);40
Britney Spears (Musician);40
Epic Rap Battles of History (Web Series);40
Eternally - TOMORROW X TOGETHER | TXT (Music Video);40
Girls Like Girls - Hayley Kiyoko (Music Video);40
Kanye West (Musician);40
Nine Muses;40
Oxxxymiron (Musician) RPF;40
Phantom Planet (Band);40
蘇打綠 | Sodagreen (Band);40
Tom Petty (Musician);40
Alice Cooper (Musician) RPF;39
BoA (Musician);39
CeVIO;39
Folk Songs;39
HINAPIA (Band);39
Just Music Entertainment;39
Moi Dix Mois;39
The Protomen;39
YELLOW FRIED CHICKENz;39
Fahrenheit (Taiwan Band);38
Newkidd (Band);38
Nick Cave and the Bad Seeds;38
Red Hot Chili Peppers (Band);38
Smile (UK Band 1968);38
System of a Down (Band);38
Der Zibet (Band);37
Franz Ferdinand (Band);37
Imagine Dragons (Band);37
Metropolis Suites - Janelle Monáe;37
The Police (Band);37
Weeekly (Korea Band);37
Zemfira (Musician) RPF;37
24K (Band);36
Clean Bandit (Band);36
Delain (Band);36
面孔 | The Face (China Band);36
ゴールデンボンバー | Golden Bomber (Band);36
MYNAME (Band);36
Plastic Tree;36
Purple Kiss (Band);36
AAA (Band);35
Avantasia (Band);35
Beyoncé Knowles (Musician);35
BORN (Band);35
Глеб Самойлоff & The Matrixx | Gleb Samoyloff & The Matrixx (Band);35
IAMX (Band);35
Interpol (Band);35
The Mountain Goats (Band);35
Noel Gallagher's High Flying Birds (Band);35
Without You - NCT U (Music Video);35
Boy Story (Band);34
The Horrors (Band);34
The Power Station (Band);34
星动亚洲 | Super Idol;34
ABBA (Band);33
Gotcharocka;33
JUST B (Band);33
King Gnu (Band);33
Love Me Right - EXO (Music Video);33
Penicillin (Band);33
Power - EXO (Music Video);33
Rainbow (Band);33
South Club (Band);33
Type O Negative (Band);33
Il Volo;33
1TEAM (Band);32
Like OOH-AHH - Twice (Music Video);32
Lou Reed (Musician);32
LUCY (Korea Band);32
Nicki Minaj (Musician);32
NMB48;32
ViViD (Band);32
w-inds. (Band);32
We Are The In Crowd (Band);32
Wolfsheim (Band);32
YHNEXT (Band);32
Axl Rose (Musician);31
Cinema Bizarre (Band);31
Emigrate (Band);31
Gojira (Band);31
HKT48;31
Kra (Band);31
The Rock-afire Explosion (Band);31
YDPP (Band);31
Ансамбль Александрова | Alexandrov Ensemble | Red Army Choir;30
Blind Melon;30
C-Clown;30
Camila Cabello (Musician);30
COUNTERFEIT (Band);30
Dance Gavin Dance (Band);30
E'LAST (Band);30
Einstürzende Neubauten;30
Jonathan Coulton Songs;30
Les Twins;30
Angelo (Band);29
Chris de Burgh (Musician);29
Fearless Vampire Killers (Band);29
fun. (Band);29
The Garden of Eden (UK Band);29
HiHi Jets (Band);29
Blue Neighbourhood | Wild - Troye Sivan (Music Videos);28
Boys Republic (Band);28
Bruce Springsteen & the E Street Band;28
Failure (Band);28
Feeling B;28
German Pop Music RPF;28
Kamijo (Musician) RPF;28
Reggie and the Full Effect;28
School Rapper (Korea TV);28
Tegomass (Band);28
They Might Be Giants;28
Yamashita Tomohisa (Musician);28
Brown-Eyed Girls (Band);27
Dadaroma (Band);27
Doberman Infinity (Band);27
Fest Vainqueur;27
G-Eazy (Musician) RPF;27
華Doll | HanaDoll (Music Videos);27
Hanoi Rocks;27
Hard Rock RPF;27
Maroon 5;27
Nathan Sykes (Musician);27
ORBIT (Japan Band);27
Suede (Band);27
T. Rex (Band);27
Team B (Band);27
Thursday (US Band);27
W.A.S.P. (Band);27
2Cellos;26
Angels & Airwaves;26
Ария | Aria (Russia Band);26
Boy George (Musician);26
Brand New (Band);26
Canadian Idol RPF;26
CNCO (Band);26
DKB (Korea Band);26
IM5 (Band);26
Limp Bizkit (Band);26
Lindsey Stirling (Musician);26
The Maine (Band);26
maNga (Band);26
Melodifestivalen RPF;26
MNL48;26
Owl City (Band);26
R.E.M. (Band);26
S.K.I.N. (Japan Band);26
Sunrise Avenue (Band);26
VV:D (Band);26
Yes (Band);26
BABYMETAL;25
硬糖少女303 | BonBon Girls 303 (Band);25
BVCCI HAYNES;25
コドモドラゴン | Codomo Dragon;25
The Doors (Band);25
Drab Majesty (Band);25
Ice Nine Kills (Band);25
New Politics (Band);25
Queens of the Stone Age;25
Razia's Shadow;25
STAYC (Band);25
TT - Twice (Music Video);25
The Verve;25
The Band (Band 1968);24
Culture Club (Band);24
Epik High;24
exist†trace;24
Girls Aloud;24
Kaya (Musician);24
Tally Hall (Band);24
Tears for Fears (Band);24
1PUNCH (Band);23
AC/DC (Band);23
Akdong Musician;23
BIGFLO;23
Blondie (Band);23
Burzum (Band);23
Celtic Thunder (Band);23
Duran Duran (Music Videos);23
Evanescence (Band);23
GWSN (Band);23
IN2IT (Band);23
jtL (Band);23
Lee Hi (Musician);23
Love Shot - EXO (Music Video);23
Madtown (Band);23
Pitbull (Musician);23
The Rasmus;23
Rihanna (Musician);23
Tonight Alive;23
VANIRU (Band);23
VoicePlay (Band);23
Aerosmith (Band);22
AJR (Band);22
BlackACE (China Band);22
Blossoms (Band);22
BNM BOYS (Band);22
coldrain (Japan Band);22
COMMUNICATIONS - GHOST | GHOST and Pals (Songs);22
Hey Monday;22
Jimi Hendrix Experience;22
The Lonely Island (Band);22
M.I.B (Band);22
Midnight Memories - One Direction (Music Video);22
Miley Cyrus (Musician);22
Nine Lives (Band);22
Omega X (Band);22
Rainz (Korea Band);22
TRCNG (Band);22
少年之名 | We Are Young (TV 2020);22
#2Маши | #2Mashi (Band);21
Ashley Dzerigian (Musician);21
Beautiful Liar - VIXX LR (Music Video);21
Blood On The Dance Floor;21
Cocoa Otoko;21
Girugamesh (Band);21
Hot Chelle Rae;21
Killerpilze;21
Mad T Party Band;21
Pierrot (Band);21
Pulp (Band);21
The Runaways (Band);21
Sixx:A.M.;21
SONAMOO (Band);21
Temple of the Dog (Band);21
Ундервуд | Undervud (Band);21
vistlip;21
The White Stripes;21
Ailee (Musician);20
Amanda Palmer (Musician);20
Audioslave (Band);20
BDC | Boys Da Capo (Band);20
Drake (Musician) RPF;20
Fewjar (Band);20
HALO (Korea Band);20
In Real Life (Band);20
Inspiral Carpets (Band);20
Kansai Johnny's Jr.;20
Merry (Band);20
The Moffatts;20
Neru家 | Neruke (Musician);20
OWV (Japan Band);20
Simon Dominic (Musician);20
The Yardbirds (Band);20
2AM (Band);19
Adam Young (Musician) RPF;19
Austin & Ally RPF;19
Charlie Puth (Musician);19
Cignature (Band);19
CKY (Band);19
Fighter - Monsta X (Music Video);19
Ghost9 (Korea Band);19
Hello Venus;19
Hey Violet (Band);19
Japan (Band);19
Jedward;19
MIC男团 | M.I.C. (Band);19
Parties are For Losers - Ferry (Songs);19
Pendulum/Knife Party;19
PRETTYMUCH (Band);19
Priest (Sweden Band);19
Rob Zombie (Musician);19
Rocket Punch (Band);19
Sinplus (Band);19
Skyhill (Band);19
BIGSTAR (Band);18
Bruno Mars (Musician);18
Bushido (Musician) RPF;18
Chipspeech;18
Crown The Empire;18
A Day to Remember (Band);18
Edguy (Band);18
ELRIS (Band);18
Elvis Presley (Musician);18
Fantastics from Exile Tribe (Band);18
Jeffree Star (Musician);18
Katy Perry (Musician);18
Marshmello (Musician) RPF;18
Макс Барских | Max Barsky (Musician);18
MONTERO (Call Me By Your Name) - Lil Nas X (Music Video);18
Night Changes - One Direction (Music Video);18
Papa Roach;18
Project Vela (Band);18
Слава КПСС | Slava KPSS (Musician);18
t.A.T.u. (Band);18
Travis Japan;18
羽泉 | Yǔ Quán (Band);18
Avril Lavigne (Musician);17
The Beach Boys (Band);17
Beautiful - Monsta X (Music Video);17
The Byrds (Band);17
The Civil Wars (Band);17
DPR LIVE (Musician);17
Feel Special - TWICE (Music Video);17
Frosty the Snowman - All Media Types;17
Iggy Pop (Musician);17
JILUKA (Band);17
Jon Bellion (Musician);17
Juice Juice (Band);17
Justice (Band);17
KINGDOM (Korea Band);17
Legion of the Black - Black Veil Brides (Music Video);17
lovelytheband (Band);17
なにわ男子 | Naniwa Danshi (Band);17
Only The Young (Band);17
Planet Booty (Band);17
Rick Astley (Musician);17
S/mileage | ANGERME (Band);17
Santa Cruz (Band);17
Snoop Dogg (Musician);17
Stage Fright (2014);17
To Kill A King (Band);17
超时空 回 - 威神V | Turn Back Time - WayV (Music Video);17
Your Favorite Martian;17
B.O.Y (Korea Band);16
Cassidy Haley (Musician);16
天上智喜 The Grace | CSJH The Grace;16
Dae Guk Nam Ah | The Boss;16
Danny Elfman (Musician);16
Eric Clapton (Musician);16
IM (Band);16
Insane Clown Posse;16
木马 | Muma (Band);16
Nik Kershaw (Musician);16
天空少年 | S.K.Y (Band);16
SM the Ballad;16
Sweet California (Band);16
Tori Amos (Musician);16
WALK THE MOON (Band);16
Xdinary Heroes (Band);16
69 Eyes;15
The Amazing Devil (Band);15
Area 11;15
Ashlee Simpson (Musician);15
B.I.Shadow;15
Chase Me - Dreamcatcher (Music Video);15
Cherry Bullet (Band);15
Children of Bodom;15
Dead Kennedys;15
Dirty Computer - Janelle Monáe (Music Video);15
Gamma Ray (Band);15
George Michael (Musician);15
红花会 | Hóng Huā Huì (Band);15
Hunter Hayes (Musician);15
Joan Jett and the Blackhearts;15
Lamb of God (Band);15
Last Friday Night - Katy Perry (Music Video);15
Leslie Cheung (Musician);15
Lil Peep (Musician) RPF;15
MEGAMASSO (Band);15
MORRIGAN (Japan Band);15
Nega (Band);15
The Pretty Reckless;15
Professional Griefers - Deadmau5 ft. Gerard Way (Music Video);15
Shine Forever - Monsta X (Music Video);15
SWMRS (Band);15
Teenage Love Triangle Series - Taylor Swift (Song Cycle);15
Tự Tâm Series - Nguyễn Trần Trung Quân (Music Videos);15
9GOATS BLACK OUT;14
The ArchAndroid - Janelle Monáe;14
Attack Attack! (Band);14
The Damned (Band);14
Darkthrone (Band);14
Deep Purple (Band);14
Dirty Pretty Things (Band);14
Dream Street (Band);14
逃跑计划 | Escape Plan (Band);14
Fantastic Baby - BIGBANG (Music Video);14
Helloween (Band);14
In This Moment (Band);14
Kesha (Musician);14
Lorde (Musician);14
ミカグラ学園組曲 | Mikagura School Suite - All Media Types;14
미래소년 | MIRAE (Band);14
摩登兄弟 | Modern Brothers (Band);14
Nam Yoondo | Eric Nam (Musician);14
Negative (Band);14
New Hope Club (Band);14
Odd Future;14
Straylight Run;14
Target (Korea Band);14
Telephone - Lady Gaga ft Beyoncé (Music Video);14
Tempo - EXO (Music Video);14
That Poppy (Musician) RPF;14
Tool (Band);14
Trans-Siberian Orchestra;14
Van Halen;14
Whisper - VIXX LR (Music Video);14
백퍼센트 | 100 Percent (Band);13
Alamat (Band);13
Behemoth (Band);13
Beyond (Band);13
Boys generally Asian | BgA;13
BREAKERZ;13
Bright Eyes (Band);13
Deftones (Band);13
Diplo (Musician);13
Kuroyume;13
Laboum (Band);13
凛 -the end of corruption world- | Lin -the End of Corruption World-;13
MAX (Musician);13
Moran (Band);13
Mother Love Bone;13
NKOTBSB Tour;13
NYC (Band);13
Over9000 (Band);13
ペンタゴン | Pentagon (Japan Band);13
Sam Smith (Musician);13
Testament (Band);13
Vidoll;13
Wednesday 13 (Band);13
Ya-ya-yah (Band);13
+44 (Band);12
Antic Cafe (Band);12
Beastie Boys (Band);12
Bebe Rexha (Musician);12
Blixa Bargeld (Musician);12
Blue Oyster Cult;12
BVNDIT (Band);12
Carach Angren (Band);12
Cinderella (Band);12
Confident - Demi Lovato (Music Video);12
데자부 | Deja Vu - Dreamcatcher (Music Video);12
Dr. Dre (Musician);12
Emerson Lake & Palmer (Band);12
Epica (Band);12
The Fox - Ylvis (Music Video);12
Foxboro Hot Tubs (Band);12
GLAY (Band);12
GOOD DAY (Korea Band);12
Grimes (Musician) RPF;12
Hot Milk (Band);12
The Kills;12
The Longshot (Band);12
Lovex (Band);12
Mumford & Sons (Band);12
Ozzy Osbourne (Musician);12
Perfume (Band);12
Prince (Musician) RPF;12
Slayer (Band);12
The Stooges (Band);12
Sugizo (Musician);12
T.M.Revolution;12
TRAX (Korea Band);12
Wallows (Band);12
Weird Al Yankovic (Musician);12
Wham! (Band);12
You Belong With Me - University of Rochester Yellowjackets (Music Video);12
Austin Mahone (Musician);11
Badflower (Band);11
Blank Space - Taylor Swift (Music Video);11
Brian London (Musician);11
Christina Aguilera (Musician);11
Dayshell (Band);11
Desolation Row - My Chemical Romance (Music Video);11
脏手指 | Dirty Fingers (Band);11
Fedez (Musician) RPF;11
GLAM (band);11
Halestorm;11
Heart Attack - LOONA (Music Video);11
Hizaki Grace Project;11
IZ (Band);11
Johnny Cash (Musician);11
Journey (Band);11
JXR (Korea Band);11
Kay Kay and His Weathered Underground (Band);11
こぶしファクトリー | Kobushi Factory;11
Mangled - Nathan Sharp (Music Video);11
Metis Gretel;11
Michelle Branch (Musician);11
Oingo Boingo (Band);11
Phantasmagoria (Japan Band);11
Phil Collins (Musician);11
Revolver - The Beatles;11
Seven O'Clock (Band);11
The Sounds;11
Stand Atlantic (Band);11
Steven Tyler (Musician);11
Take Me to Church - Hozier (Music Video);11
Troublemaker;11
Vampire Weekend;11
The Velvet Underground;11
VROMANCE (Band);11
The Weeknd (Musician);11
Acid Black Cherry;10
April (Band);10
Bad - Michael Jackson (Music Video);10
Bauhaus;10
The Birthday Party (Band);10
Black Sabbath;10
Blue Song - Mint Royale (Music Video);10
Chase Atlantic (Band);10
Country Girls (Japan Band);10
Deathstars (Band);10
DECAYS (Japan Band);10
Destroyer - Monsta X (Music Video);10
Dhani Harrison (Musician);10
Dresden Dolls;10
EPEX (Band);10
ERROR (Hong Kong Band);10
Fade (Band);10
Frank Ocean (Musician);10
Holland (Korea Musician);10
Hoppipolla (Korea Band);10
Issues (Band);10
Jessi (Korea Musician);10
JJAMZ (Band);10
JJCC (Band);10
Litesound (Band);10
Longguo & Shihyun (Band);10
Macklemore (Musician);10
普通人 | Mandarin (Band);10
Megaromania (Band);10
Memphis May Fire;10
Migimimi sleep tight (Band);10
Mint Royale;10
天选之城 - 威神V | Moonwalk - WayV (Music Video);10
NATURE (Korea Band);10
The Neighbourhood (Band);10
Never Gonna Give You Up - Rick Astley (Music Video);10
New Years Day (Band);10
New York Dolls (Band);10
Savage Garden;10
Schwein (Band);10
Shatter Me - Lindsey Stirling ft. Lzzy Hale (Music Video);10
Skillet (Band);10
Studio Killers (Band);10
Sufjan Stevens (Musician);10
狐と鬼の話 | The Story of the Kitsune and the Demon - -MASA Works DESIGN- (Songs);10
Tom Petty and the Heartbreakers;10
Trivium (Band);10
Tyler the Creator (Musician);10
Welle: Erdball;10
Whitesnake (Band);10
The Wiggles;10
With Confidence (Band);10
WITZ | We In The Zone (Band);10
365 Fresh - Triple H (Music Video);9
5urprise (Band);9
Against Me!;9
Berryz Koubou;9
The Blue Poptarts (Band);9
C-ute;9
Crosby Stills Nash & Young (Band);9
Drag Me Down - One Direction (Music Video);9
Drive-By Truckers;9
Eden (Korea Musician);9
Five Finger Death Punch;9
FNC Neoz School;9
From Eden - Hozier (Music Video);9
hide with Spread Beaver;9
Hole (Band);9
John Mayer (Musician);9
Joy Division (Band);9
Jung Sewoon (Musician);9
Kim Samuel (Musician);9
Little Sea (Band);9
Mayday Parade (Band);9
Miranda Lambert (Musician);9
The Misfits (Band);9
MOBB (Band);9
The Moody Blues (Band);9
Mr. Big (US Band);9
New - LOONA (Music Video);9
NOIR (Korea Band);9
Pandora Voxx;9
Porcupine Tree;9
Rancid (Band);9
重塑雕像的权利 | Re-TROS (Band);9
Schwarz Stein;9
Se7en (Korea Musician) RPF;9
Septicflesh (Band);9
She Keeps Me Warm - Mary Lambert (Music Video);9
The Small Faces (Band);9
Smashing Pumpkins;9
Snuper (Band);9
Steely Dan (Band);9
The Stone Roses (Band);9
UNI.T (Band);9
Viva La Vida - Coldplay (Music Video);9
Young Love (Band);9
100 Gecs (Band);8
Addicted to You - Avicii (Music Video);8
Allison Iraheta (Musician);8
Anli Pollicino;8
The Baseballs (Band);8
Better Than I Know Myself - Adam Lambert (Music Video);8
Big Russian Boss (Musician);8
BLANC7 (Band);8
Бог проклятых - БИ-2 | Bog Proklyatikh - BI-2 (Music Video);8
Bullet For My Valentine;8
The Chainsmokers (Band);8
CIIPHER (Band);8
The Crane Wife 1-3 - The Decemberists (Songs);8
Creeper (UK Band);8
D-CRUNCH (Band);8
DatuRΛ (Japan Band);8
The Dead Weather;8
Dire Straits (Band);8
The Driver Era (Band);8
Dua Lipa (Musician);8
Elastica (Band);8
Elix Risqué (Musician);8
Ellie Goulding (Musician);8
Fatima (Band);8
Gangpol & Mit (Band);8
Hangeng (Musician);8
Headstones (Band);8
Heffron Drive (Band);8
HONEYST (Band);8
IV of Spades (Band);8
IVE (Band);8
Joywave (Band);8
THE KIDDIE (Band);8
King Crimson (Band);8
Кипелов | Kipelov (Band);8
Kiyoharu (Musician);8
Kizu (Band);8
Koda Kumi (Musician);8
LAREINE;8
Lordi (Finland Band);8
Маврин | Mavrin (Russia Band);8
MBA (Korea Band);8
Meg & Dia (Band);8
Mindless Behavior (Band);8
Miroh - Stray Kids (Music Video);8
Mr. 钛戈 | Mr. TyGer (Band);8
Neal Tiemann (Musician);8
Nickelback (Band);8
Oomph! (Band);8
The Oral Cigarettes (Band);8
Peter Gabriel (Musician);8
PHASES (Band);8
POCKETDOLZ (Band);8
Rain (Korea Musician) RPF;8
Rentrer en Soi;8
Robbie Williams (Musician);8
Roundtable Rival - Lindsey Stirling (Music Video);8
Skinny Puppy (Band);8
So You Think You Can Dance Routines;8
Sonata Arctica;8
SPICA (Band);8
Styx (Band);8
T1419 (Korea Band);8
Taconafide (Band);8
"Віталій ""Витас"" Владасовіч Грачов | Vitaliy ""Vitas"" Vladasovich Grachov (Musician)";8
ビバラッシ | Vivarush (Band);8
Voltaire (Musician) RPF;8
We Came As Romans (Band);8
Wings | Paul McCartney and Wings (Band);8
12012 (Band);7
2gether (US Band);7
Abingdon Boys School (Band);7
ADAMS (Band);7
Aquarium (Russia Band);7
Architects (UK Band);7
The Ark (Korea Band);7
Ballistik Boyz from Exile Tribe (Band);7
Beady Eye (Band);7
Blessthefall (Band);7
The Boomtown Rats;7
Bronte - Gotye (Music Video);7
Childish Gambino (Musician);7
Chris Brown (Musician) RPF;7
Cyber (Iceland Band);7
The Decemberists (Band);7
Disturbed (Band);7
Il Divo;7
Dongkiz (Korea Band);7
Electronic (UK Band);7
Emilie Autumn (Musician);7
The Enigma TNG (Musician);7
ENOi (Band);7
Fantastic Leslie RPF;7
Flёur (Ukraine Band);7
g.o.d (Korea Band);7
Giriboy (Musician) RPF;7
Haim (Band);7
The Hatters (Russia Band);7
Heize (Musician);7
Jealousy - Monsta X (Music Video);7
Joyside (Band);7
Julian Casablancas + The Voidz;7
Kaiser Chiefs;7
Keith Urban (Musician);7
Literary Nonsense - E ve (Music Video);7
"lofi hip hop radio; beats to relax/study to - ChilledCow (Music Videos)";7
摩天楼オペラ | Matenrou Opera;7
THE MICRO HEAD 4N'S;7
MVP (Band);7
Neon Jungle (Band);7
Old Town Road - Lil Nas X ft. Billy Ray Cyrus (Music Video);7
Royal Pirates (Band);7
Shoot Out - Monsta X (Music Video);7
Signal - TWICE (Music Video);7
超级市场 | Supermarket (Band);7
Swinging London RPF;7
Talking Heads (Band);7
TEEN TEEN (Korea Band);7
Thriller - Michael Jackson (Music Video);7
The Tide (US Band);7
Two Door Cinema Club;7
Vienna Teng (Musician);7
Angra (Band);6
Bad Girl - Madonna (Music Video);6
Baumkuchen End - E ve (Music Video);6
Beovizija RPF;6
Berry Good (Band);6
Big Byung (Band);6
Billy Talent (Band);6
Black Gene for the Next Scene (Band);6
Blitzkid (Band);6
Boyzone (Band);6
Buffalo Springfield (Band);6
Busters (Band);6
Call Me Maybe - Carly Rae Jepsen (Music Video);6
Canadian Musician RPF (C6D);6
Carly Rae Jepsen (Musician);6
The Cars (Band);6
Centuries - Fall Out Boy (Music Video);6
Charli XCX (Musician);6
Coheed and Cambria (Band);6
Crazy - Aerosmith (Music Video);6
Creature Feature (Band);6
The Crüxshadows;6
The Cult (Band);6
D'erlanger;6
대취타 | Daechwita - Agust D (Music Video);6
Daft Punk Medley - Pentatonix (Music Video);6
Danzig (Band);6
Dessa (Musician);6
DreamNote (Band);6
E'm~grief~;6
Emblem3;6
Emperor (Band);6
Eric Saade (Musician);6
Europe (Sweden Band);6
Faith No More (Band);6
Fly Away Hero (Band);6
Gladiator - Dami Im (Music Video);6
Gravel To Tempo - Hayley Kiyoko (Music Video);6
Heer Halewijn (Traditional Ballad);6
Hotel Persona (Band);6
How To Destroy Angels (Band);6
Izzy Stradlin (Musician);6
Jethro Tull (Band);6
Josh Groban (Musician);6
Kaizers Orchestra;6
Kavinsky (Musician);6
Kerbera (Sweden Band);6
Kings of Leon;6
L.A. Guns (Band);6
Ladies' Code;6
Ludo (Band);6
맵6 | M.A.P.6;6
Mayfly (Band);6
Mr. Bungle (Band);6
My Heaven's Luck Sisters;6
Neck Deep (Band);6
Neon Trees;6
New Order (Band);6
November Rain - Guns N' Roses (Music Video);6
NRG (Band);6
OK Go;6
Opeth (Band);6
Palo Santo - Years & Years (Music Video);6
Peek-A-Boo - Red Velvet (Music Video);6
Pink Fantasy (Band);6
PIXY (Band);6
Ratt (Band);6
Ready For It - Taylor Swift (Music Video);6
The Ready Set;6
SCANDAL (Japan Band);6
The Sisters of Mercy (Band);6
Smash Mouth (Band);6
Steel Panther;6
The Summer Set;6
Take on Me - A-ha (Music Video);6
つばきファクトリー | Tsubaki Factory;6
Unwritten Rule (Band);6
VARSITY (Korea & China Band);6
Wendy Trilogy - S. J. Tucker (Song Cycle);6
Wizzard (Band);6
XXXTentacion (Musician) RPF;6
Zhang Liyin (Musician);6
&AUDITION Boys (Band);5
14U (Band);5
1TYM;5
8P-SB (Band);5
Adam Ant (Musician);5
Adele (Musician);5
알파벳 | AlphaBAT;5
The Amity Affliction;5
Angdreville | ADV;5
Anteros (Band);5
AnyBand;5
Arma Angelus;5
BAND-MAID (Band);5
Barenaked Ladies (Band);5
Becky G (Musician) RPF;5
Bee Gees (Band);5
Billy Idol (Musician);5
Black Rebel Motorcycle Club;5
Calvin Harris (Musician);5
Cavetown (Band);5
Come Back Home - 2NE1 (Music Video);5
A Complete History of the Soviet Union as Told by a Humble Worker Arranged to the Melody of Tetris;5
Crayon Pop (Band);5
Creature Creature (Band);5
Da Band (Band 2002);5
Dal Shabet;5
Dangerous - Michael Jackson (Music Video);5
Darren Hayes (Musician);5
Deine Lakaien (Band);5
Dokken (Band);5
Dope (US Band);5
DREAMERS (Band);5
Dungeon Beijing;5
The Eagles (Band);5
Enrique Iglesias (Musician);5
Everything at Once - Travis (Music Video);5
Everything Has Changed - Taylor Swift/Ed Sheeran (Music Video);5
EvoL (Korea Band);5
Extize (Band);5
F.Cuz;5
FIDLAR (Band);5
Философский камень - БИ-2 | Filosofskiy Kamen - BI-2 (Music Video);5
花儿乐队 | The Flowers (Band);5
Fly To The Sky;5
Flyleaf (Band);5
Frankenstein Drag Queens From Planet 13 (Band);5
Free-Out (Band);5
The Garden (Band);5
Get Scared (Band);5
The Girl and the Dreamcatcher (Band);5
Hazard - Richard Marx (Music Video);5
The Hollies (Band);5
Home Free (Band);5
HomeTown (Band);5
Hoodie Allen (Musician);5
Icon For Hire (Band);5
INI (Japan Band);5
Jack Off Jill;5
Janelle Monae (Musician);5
Jerry Cantrell (Musician);5
Judas - Lady Gaga (Music Video);5
Jurk! (Band);5
JUSF周存 | JUSF Zhōu Cún (Musician);5
雀羅 | Jyakura;5
Kate Bush (Musician) RPF;5
King and Lionheart - Of Monsters and Men (Music Video);5
LEZARD (Band);5
The Life of Riley (Band);5
Look What You Made Me Do - Taylor Swift (Music Video);5
The Lords of the New Church (Band);5
LOUD (Korea TV);5
The Lovin' Spoonful (Band);5
Machine Head (Band);5
Mariah Carey (Musician);5
Мастер | Master (Russia Band);5
Matchbox 20 (Band);5
melody (Japanese Musician) RPF;5
MeseMoa. (Band);5
Mest;5
Mili (Band);5
弥叉 | Missa;5
Modest Mouse (Band);5
ももいろクローバーZ | Momoiro Clover Z;5
Mr.Mr;5
New Rules - Dua Lipa (Music Video);5
Nico and the Niners - Twenty One Pilots (Music Video);5
Nuthang;5
O-Town;5
The Offspring;5
OneRepublic (Band);5
Orgy For One - Ninja Sex Party (Music Video);5
Phoenix (Band);5
Point North (Band);5
Prima Donna (US Band);5
R.o.S.E BLUE - Dreamcatcher (Music Video);5
환불 원정대 | Refund Sisters (Band);5
Richard Hell And The Voidoids (Band);5
Rise Against;5
S Club 7 (Band);5
Scarborough Fair - Simon & Garfunkel (song);5
Scorpions (Band);5
Sparks (US Band);5
星ノ少女ト幻奏楽土 | Star Girl and the Illusion Paradise - Story Researcher (Songs);5
Stitches (Musician) RPF;5
Stratovarius;5
快乐男声2017 | Super Boy 2017;5
SWIN (Band);5
This Boy - The Beatles;5
Thomas the Rhymer (Traditional Ballad);5
USS (Canada Band);5
VersaEmerge;5
Visage (Band);5
Voivod (Band);5
Vundabar (Band);5
Whiskey Lullaby - Brad Paisley & Alison Krauss;5
Wildest Dreams - Taylor Swift (Music Video);5
Wintersun (Band);5
woo!ah! (Korea Band);5
xaa-xaa (Band);5
Yellowcard (Band);5
$uicideboy$ (Band);4
3OH!3;4
Abney Park;4
Against the Current (Band);4
Alter Bridge;4
The Altogether (Band);4
Amaranthe (Band);4
Arlequin (Japan Band);4
Atreyu (Band);4
AURORA (Norway Musician);4
Beck (Musician);4
BESTie (Band);4
美少年 | Bishounen (Band);4
Black 'N Blue (US Band);4
Black Flag (Band);4
Blaqk Audio;4
Bleachers (Band);4
Body of Light (Band);4
Breathe Carolina;4
BT (Musician);4
Bump of Chicken (Band);4
Butch Walker (Musician);4
BUTOUKAN;4
Car Seat Headrest (Band);4
Caravan Palace (Band);4
Celestial Garden (Band);4
Cher (US Musician) RPF;4
CoCoSoRi (Band);4
Cornbugs (Band);4
The Crane Wives (Band);4
Crossfire - Brandon Flowers (Music Video);4
Cupcakke (Musician) RPF;4
The Damned Things (Band);4
Danger Gang;4
Dead Boys (Band);4
DEAD END (Band);4
Dead or Alive (Band);4
Death Grips (Band);4
DELUHI;4
DEZERT (Band);4
DISH// (Band);4
Dramaturgy - E ve (Music Video);4
Dream Theater (Band);4
Елена Войнаровская | Elena Voinarovskaya (Musician);4
Eraserheads (Band);4
Everfound (Band);4
法兹 | FAZI (Band);4
Fiction Plane (Band);4
FIESTAR;4
Garbage (Band);4
Gatsbys American Dream (Band);4
The Germs (Band);4
Gold Motel;4
HIGH4 (Band);4
Hippo Campus (Band);4
History - Michael Jackson (Music Video);4
The Hoodies (Band);4
IC3PEAK (Band);4
Ingram Hill (Band);4
INXS;4
The Jam (UK Band);4
Janis Joplin (Musician);4
Jay-Z (Musician);4
Jeff Buckley (Musician);4
JKT48;4
Joan Baez (Musician);4
Judas Priest;4
Juliet Simms (Musician);4
Jumpsuit - Twenty One Pilots (Music Video);4
K.Will (Musician) RPF;4
Kagerou (Band);4
Keane (Band);4
Kemp Owyne (Traditional Song);4
KHAN (Korea Band);4
King Gizzard & The Lizard Wizard (Band);4
Kisaki Project;4
ครึ่งชีวิต (ทั้งจิตใจ) | Krueng Shivit (Tang Jitjai) - New Jiew (Music Video);4
La:Sadie's;4
Lady (Band);4
LEDApple;4
LIGHTSUM (Band);4
Lil' Wayne (Musician);4
Lost Society (Band);4
Loudness (Japan Band);4
Love Is a Camera - Sophie Ellis-Bextor (Music Video);4
LUNAFLY;4
Machine (Japan Band);4
Magnum Bullets - Night Runner ft. Dan Avidan (Music Video);4
MASC (Band);4
ME!ME!ME! - Teddyloid (Music Video);4
MGMT (Band);4
Ministry (Band);4
MoNoLith (Japan Band);4
Morningwood;4
Motion City Soundtrack (Band);4
Mushroomhead (Band);4
My Darling Murder;4
吳奇隆 | Nicky Wu (Musician);4
The Northern Hues (Band);4
Nothing But Thieves (Band);4
Of Monsters and Men (Band);4
OLDCODEX (Band);4
Orange Caramel (Band);4
Otokogumi (Band);4
Our Last Night (Band);4
Out of the Woods - Taylor Swift (Music Video);4
Outsider - E ve (Music Video);4
Пекло - БИ-2 | Peklo - BI-2 (Music Video);4
Pink (Musician);4
短裤里的诗歌 | Poetry in shorts (Band);4
Primus (Band);4
Psycho le Cému;4
Puddles Pity Party;4
Q.U.E.E.N. - Janelle Monáe (Music Video);4
Radioactive (Music Video);4
Reckless Love (Band);4
REO Speedwagon;4
Rich Chigga (Musician);4
Rick Jordan (Musician);4
Rilo Kiley;4
Rock and Roll Dreams Come Through - Meat Loaf (Music Video);4
Rod Stewart (Musician);4
Rolling Quartz (Band);4
The Saturdays (Band);4
Scarborough Fair (Traditional Ballad);4
Schokk (Musician) RPF;4
SebastiAn (French Musician) RPF;4
Secert (Band);4
Selena Quintanilla (Musician);4
ШАРЫ | Shary (Band);4
Shiraz Lane (Band);4
Silverchair (Band);4
Sleeping At Last (Band);4
Sonic Youth (Band);4
Spandau Ballet;4
Static-X (Band);4
Stellar (Korea Band);4
Stone Temple Pilots (Band);4
Styles of Beyond;4
Suicide Silence;4
快乐男声2013 | Super Boy 2013;4
Suran (Musician);4
Tame Impala;4
Tasty (Band);4
Team StarKid's Apocalyptour;4
thenewno2;4
Those Who Dream (Band);4
Tiny-G;4
Transtic Nerve | The Underneath;4
Trey Songz (Musician);4
Trouble - Pink (Music Video);4
Ultravox (Band);4
umbrella (Japan Band);4
Underøath (Band);4
v[NEU];4
Vain (Band);4
LA VALLIÉRE (Band);4
Vice Grip (Band);4
Violent New Breed (Band);4
Virgin Prunes;4
Volbeat (Band);4
Wake Up - Black Veil Brides (Music Video);4
WARPs Up (Band);4
Warugaki (Band);4
Wilco;4
Winger (Band);4
Winter Song - Sara Bareilles (Music Video);4
The World Is Not Enough - Garbage (Music Video);4
Zico Chain;4
1 Trait Danger (Band);3
3YE (Korea Band);3
98 Degrees;3
9x9 | NINE BY NINE (BAND);3
a-ha (Band);3
A.KOR;3
Aaliyah (Musician) RPF;3
ABC (UK Band);3
Acid Android (Band);3
A ぇ! Group! | Ae! Group! (Band);3
Alanis Morissette (Musician);3
Alestorm (Band);3
Alicia Keys (Musician);3
Allen Mack Myers Moore (Band);3
Amon Amarth (Band);3
Die Antwoord (Band);3
Aphex Twin;3
Arcade Fire (Band);3
Axel F - Crazy Frog (Music Video);3
Ayreon (Band);3
Babyshambles (Band);3
Bad Suns (Band);3
Ballad of Mona Lisa - Panic! At the Disco (Music Video);3
Barry Manilow (Musician);3
Bears in Trees (Band);3
Begin Again - Taylor Swift (Music Video);3
The Best Song Ever - Gabrielle Aplin;3
Bikini Kill (Band);3
Birdy (Musician);3
The Blackout (Band);3
Blind Guardian (Band);3
BLK (Band);3
Blutengel (Band);3
BoybandPH (Band);3
boygenius (Band);3
Bulldok (Band);3
bury a friend - Billie Eilish (Music Video);3
By-Sexual (Band);3
Carnival of Rust - Poets of the Fall (Music Video);3
Celine Dion (Musician);3
Celtic Woman (Band);3
Chakuza (Musician);3
Chitown Hipsters;3
Chloe x Halle (Band);3
Черное солнце - БИ-2 | Chornoye Solntse - BI-2 (Music Video);3
Chunk! No Captain Chunk! (Band);3
City Morgue (Band);3
Clazziquai;3
ClearVeil (Band);3
Click#15 (Band);3
Closer - Oh My Girl (Music Video);3
Couple d'Ange (Japan Band);3
Crystal Castles (Band);3
D1CE (Band);3
Dark Sarah (Band);3
David Byrne (Musician);3
那不勒斯的黎明 | Dawn in Naples - SNH48 (Music Video);3
The Dead End Kids Club (Band);3
Dean Lewis (Musician);3
defspiral (Band);3
Diamond Head (Band);3
Diggy Diggy Hole - Yogscast (Music Video);3
Dimmu Borgir (Band);3
DIV (Japan Band);3
DJ SiSeN;3
Drowned Lovers (Traditional Scottish Ballad);3
Echostream;3
Elvis Costello (Musician);3
Empire of the Sun (Band);3
De Eneste To (Band);3
Der Erlkönig | The Erlking - Johann Wolfgang von Goethe (and Schubert);3
EXP EDITION (Band);3
Extreme (Band);3
Faded - Alan Walker (Music Video);3
Far East Mention Mannequins;3
Faster Pussycat (Band);3
Father John Misty (Musician);3
Filter (Band);3
Find You - Monsta X (Music Video);3
Finntroll (Band);3
Flogging Molly;3
Flower (Japan Band);3
Fly High - Dreamcatcher (Music Video);3
Fort Minor (Musician);3
学芸大青春 | GAKUGEIDAI JUNES (Band);3
THE GALLO (Band);3
Gemini Club (Band);3
Genitorturers (Band);3
Ghost - Halsey (Music Video);3
GHOST (Japan Band);3
Ghost Town (Band);3
GIRLKIND (Korea Band);3
Girls - NATURE (Music Video);3
Girls Girls (Korea Band);3
Godsmack (Band);3
Good Night - Dreamcatcher (Music Video);3
Green River (Band);3
グリーヴァ | Grieva (Band);3
Hall & Oates (Band);3
Hank Williams (Musician);3
Heavy Light - Animusic (Music Video);3
Hedley;3
Homeless Gospel Choir (Band);3
Hurricane - 30 Seconds to Mars (Music Video);3
I See Stars (Band);3
Imminence (Band);3
Incubus (Band);3
Interlunium (Band);3
Iron - Woodkid (Music Video);3
James Blunt (Musician);3
Kamelot (Band);3
KIL:erre;3
Kittie (Band);3
KMFDM (Band);3
KuRt (Band);3
Kuza (Band);3
Last Dance - E ve (Music Video);3
Liphlich (Band);3
Lisa Marie Presley (Musician);3
LU:KUS;3
LUCENTE (Korea Band);3
Lucky - Britney Spears (Music Video);3
Lying Is the Most Fun a Girl Can Have Without Taking Her Clothes Off - Panic! At the Disco (Video);3
Lyke-Wake Dirge (Traditional Song);3
MAJORS (Korea Band);3
Mando Diao;3
マルコ | Marco (Band);3
Maximum the Hormone (Band);3
Mini Mansions (Band);3
Missing Persons (Band);3
Missy Elliott (Musician);3
MKTO (Band);3
Monster - Red Velvet - Irene & Seulgi (Music Video);3
The Motels (Band);3
Motörhead (Band);3
Моя любовь - БИ-2 | Moya Lubov - BI-2 (Music Video);3
My Darkest Days (Band);3
My Girl - Arashi (Music Video);3
N.W.A (Band);3
Naughty Boy (Musician);3
Never Shout Never;3
万能青年旅店 | Omnipotent Youth Society (Band);3
On Your Mark - Chage & Aska (Music Video);3
Orchestral Manoeuvres in the Dark (Band);3
La Oreja de Van Gogh;3
OROCHI (Band);3
超载 | Overload (Band);3
Pale Saints (Band);3
Pantera (Band);3
PIRI - Dreamcatcher (Music Video);3
Plain White T's;3
Portugal. The Man (Band);3
Pourvu qu'elles soient douces - Mylène Farmer (Music Video);3
青花瓷 - 周杰倫 | Qing Hua Ci | Blue and White Porcelain - Jay Chou (Music Video);3
Question? (Japan Band);3
Rabbitt (Band);3
Raphael (Band);3
RAVE (Japan Band);3
RAZOR (Japan Band);3
Real Friends (Band);3
The Rejects (Band);3
Rory Storm and the Hurricanes (Band);3
Roxy Music (Band);3
Royal Republic (Band);3
S.Q.F (Japan Band);3
Saint Asonia (Band);3
Scream - Dreamcatcher (Music Video);3
Shaman (Band);3
Simon Curtis (Musician);3
Slaughter (US Band);3
SM6 (Band);3
Smooth Criminal - 2Cellos (Music Video);3
Sondre Lerche (Musician);3
Soul Connection (Band);3
The Sound Bee HD (Band);3
Sovay (Traditional Song);3
Stay - Shakespears Sister (Music Video);3
Stevie Ray Vaughan (Musician);3
Stromae (Musician);3
Subvision (Sweden Band);3
Sugar We're Goin Down - Fall Out Boy (Music Video);3
Sum 41 (Band);3
Sunčane Skale RPF;3
Sundown: Whispers of Ragnarok - Sassafrass;3
Supreme Team (Band);3
Swedish House Mafia;3
Sweet (Band);3
SZA (Musician) RPF;3
Team H (Band);3
Terminal Choice;3
THATS WHAT I WANT - Lil Nas X (Music Video);3
TheEastLight. (Band);3
They武道 | They Budou;3
This Is War - 30 Seconds to Mars (Music Video);3
TREI (Korea Band);3
TRI.BE (Korea Band);3
Tupac Shakur (Musician);3
Turisas;3
Twa Corbies (Traditional Song);3
Twin Atlantic (Band);3
Vance Joy (Musician);3
VanessA (Band);3
VaniKilL (Band);3
Vanishing World - Monstrosity (Songs);3
Vanner (Band);3
Vended (Band);3
The Vines;3
中国好声音 | The Voice Of China (TV 2012);3
Warrant (US Band);3
Виски - БИ-2 | Whiskey - BI-2 (Music Video);3
Windy Day - Oh My Girl (Music Video);3
Work Song - Hozier (Music Video);3
The Yellow Monkey (Band);3
Z-Boys (Band);3
Z-Girls (Band);3
100 Monkeys;2
176BIZ (Japan Band);2
24 Italian Art Songs and Arias;2
2wo (Band);2
2Z (Korea Band);2
4tune_UNIT;2
999 (Band);2
A-Jax (Band);2
A.cian (Band);2
A1;2
A6P (Band);2
Addicted - PIXY (Music Video);2
Aelonia (Band);2
愛狂います。| Aicle.;2
Alabama 3;2
Alejandro - Lady Gaga (Music Video);2
ALL CITY STEPPERS (Band);2
ALvino (Band);2
Annan Water (Traditional Ballad);2
ANS (Korea Band);2
Antenna Angels (Band);2
The Arena - Lindsey Stirling (Music Video);2
As the World Falls Down - David Bowie (Music Video);2
Attila (Band 2005);2
Australian Idol RPF;2
Babe - Sugarland ft. Taylor Swift (Music Video);2
Bad Romance - Lady Gaga (Music Video);2
Bangarang - Skrillex (Music Video);2
Bars and Melody (Band);2
BatAAR (Band);2
Battle (Korea Band);2
Beartooth (Band);2
BeatBurger (Band);2
Before You Exit (Band);2
Beirut (Band);2
Big Enough - Kirin J Callinan ft. Alex Cameron & Molly Lewis & Jimmy Barnes (Music Video);2
Bitch Better Have My Money - Rihanna (Music Video);2
Björk (Musician);2
Black Eyed Peas (Band);2
The Black Keys (Band);2
Black Swan (Korea Band);2
BLACK6IX (Band);2
BLITZERS (Band);2
Blue (Band);2
Body & Blood - clipping. (Music Video);2
Boom Trigger (Japan Band);2
Бумбокс | Boombox (Band);2
Born This Way - Lady Gaga (Music Video);2
Boston Manor (Band);2
Bottom of the River (Music Video);2
Bowling For Soup (Band);2
The Boys Are Back in Town (to kill you) - JerryTerry (Music Video);2
BugLug;2
Bury My Lovely - October Project (Music Video);2
BXW (Japan Band);2
Cadaveria (Musician);2
Cali Gari;2
CANARY (Band);2
Carat (Japan Band);2
Cardiacs (UK Band);2
The Carpenters (Band);2
Cartel (Band);2
Celldweller (Band);2
Charlotte Sometimes (Musician);2
CHARM (Band);2
Cherri Bomb;2
Cheshires (Band);2
CHILDCARE (UK Band);2
Chu - f(x) (Music Video);2
Cimorelli (Band);2
Cody Simpson (Musician);2
Collective Soul (Band);2
Combichrist;2
Count on Me - Brockhampton (Music Video);2
Country Kko Kko (Band);2
Cradle of Filth;2
CRASHDÏET (Band);2
Cream (Band);2
The Creatures (UK Band);2
Creed (Band);2
Crosses (Band);2
Cry For Judas (Music Video) - The Mountain Goats;2
Cutting Crew (Band);2
Dance Dance - Fall Out Boy (Music Video);2
陳百強 | Danny Chan (Musician) RPF;2
Danny Saucedo (Musician);2
The Dark Element (Band);2
Dead Children (Band);2
Dear Boy (Band);2
Death Angel (US Band);2
Deerhunter (Band);2
Deja Vu - NU'EST (Music Video);2
DEVO (band);2
Diamond Ring - The Dead South (Music Video);2
Dio - Distraught Overlord;2
Dirty Honey (Band);2
DISACODE (Band);2
DISREIGN (Band);2
District3 (Band);2
DJ Snake (Musician);2
DMTN (Band);2
DNCE (Band);2
Dog in the PWO;2
Dollis Marry;2
Don't Threaten Me With a Good Time - Panic! At The Disco (Music Video);2
Dope Stars Inc. (Band);2
Dorothy (Band);2
Double A (Band);2
Dr. Steel and the Army of Toy Soldiers;2
The Drums (Band);2
Dynazty (Band);2
E-girls (Japan Band);2
Echo & the Bunnymen;2
EDEN (Irish Musician);2
Eesti Laul RPF;2
Eisley (Band);2
Ektomorf (Band);2
Ensiferum (Band);2
Essentia;2
Eurobeat RPF;2
Eve of Destiny (Band);2
Every Snowflake is Different (Music Video);2
Every Time I Die (Band);2
Everything Everything (Band);2
Everywhere - Fleetwood Mac (Music Video);2
F4 (Band);2
Fandroid (Virtual Musician);2
Fantasia - Monsta X (Music Video);2
Favorite (Band);2
Favorite Boys - A.C.E (Music Video);2
Festival da Canção RPF;2
Fingertip - GFriend (Music Video);2
Fire Coming Out of the Monkey's Head - Gorillaz (Apollo Theater Music Video);2
Fitz and The Tantrums (Band);2
Fixer (Japan Band);2
FKR (Band);2
Flo Rida (Musician);2
A Flock of Seagulls (Band);2
flor (US Band);2
Flotsam and Jetsam (Band);2
Foals (Band);2
Foolin' - Def Leppard (Music Video);2
The Format (Band);2
Four Tops (Japan Band);2
Fozzy (Band);2
Framing Hanley;2
The Fray (Band);2
From First to Last;2
Fuck Them All - Mylène Farmer (Music Video);2
Gail Ann Dorsey (Musician);2
Galneryus (Band);2
Gambler - Monsta X (Music Video);2
Gambles (Musician);2
Gary Numan (Musician);2
George Clinton and Parliament Funkadelic (Band);2
Gerard (Japan Band);2
Ghosts - Mike Shinoda (Music Video);2
The Girl Talk (Band);2
The Glove (Band);2
Golf & Mike (Musicians);2
GreatGuys (Band);2
The Griswolds (Band);2
Gummibär (Band);2
Guniw Tools;2
GUY.exe - Superfruit (Music Video);2
H.E.A.T (Sweden Band);2
H.U.B | Hope U Bounce (Band);2
Hail The Sun (Band);2
Hash Tag (Korea Band);2
Heart (Band);2
Heaven 17 (Band);2
Hello - Adele (Music Video);2
Hi-Standard (Japan Band);2
Hi:BRiD;2
Hoobastank;2
Humble Pie (Band);2
I Believe in a Thing Called Love - The Darkness (Music Video);2
I Follow Rivers - Lykke Li (Music Video);2
I Found - Amber Run (Music Video);2
I Want To Break Free - Queen (Music Video);2
I'm Not Okay (I Promise) - My Chemical Romance (Music Video);2
Ice Cube (Musician);2
Iced Earth (Band);2
If I Die Young - The Band Perry (Music Video);2
In Demand - Texas (Music Video);2
In The BLOOD EYES (Band);2
Is There Something I Should Know? - Duran Duran (Music Video);2
Islands (Band);2
IVVY (Band);2
Jack & Jack (Band);2
James Bay (Musician);2
JamisonParker (Band);2
Jane's Addiction;2
Jason Derulo (Musician) RPF;2
Jean-Michel Jarre (Musician);2
Jefferson Airplane (Band);2
人格ラヂオ | Jinkaku Radio (Band);2
JLS;2
Jonathan Richman (Musician);2
Jukebox the Ghost;2
Julien-k (Band);2
Jung Minju | JOO (Musician);2
K.I.Z (Band);2
Ka • Za • Ri;2
Kalafina (Band);2
Kamen Rider Girls (Band);2
Karakuri Series - Hitoshizuku-P x Yama (Songs);2
Kelly Clarkson (Musician);2
KHRYST+ (Band);2
KIDZ BOP (Band);2
Kings of Convenience;2
Knocked Loose (Band);2
Компромисс - БИ-2 | Kompromiss - BI-2 (Music Video);2
Kraftklub;2
Kyuss (Band);2
LA Devotee - Panic! at the Disco (Music Video);2
La'cryma Christi;2
La'miss†fairy;2
Lacuna Coil;2
Lady Antebellum (Band);2
Larger Than Life - Backstreet Boys (Music Video);2
Laura Jane Grace & The Devouring Mothers (Band);2
Lead (Japan Band);2
Lebanon Hanover (Band);2
Легендарные пластилиновые ноги | Legendarniy Plastilinovie Nogy (Band);2
libidO - OnlyOneOf (Music Video);2
The Lilac Time (Band);2
LipBubble (Band);2
Loco (Korea Musician);2
Lonely's Lunch - You Say Party (Music Video);2
Lostprophets;2
Love Amongst Ruin (Band);2
Love Killa - Monsta X (Music Video);2
Love Robot (Band);2
LoVendoЯ;2
Luke Bryan (Musician);2
LUNARSOLAR (Band);2
Лётчик - БИ-2 | Lyotchik - BI-2 (Music Video);2
M.O.N.T (Korea Band);2
M2M (Band);2
Mac DeMarco (Musician);2
Madeth Gray'll;2
Madina Lake;2
Mallory Knox (Band);2
The Mariner's Revenge Song - The Decemberists;2
MARMELLO (Band);2
MattyB (Musician) RPF;2
Meet Me Halfway - Black Eyed Peas (Music Video);2
The Megas (Band);2
Meinhard (Band);2
Methyl Ethel (Band);2
Metro Station;2
Migos (Band);2
Monoral;2
Monte Pittman (Musician);2
马赛克 | Mosaic (China Band);2
Mother Mother (Band);2
Motherlover - The Lonely Island (Music Video);2
МРФ | MRF (Russia Band);2
Mudvayne (Band);2
N.CUS (Band);2
N.Tic (Band);2
NEEDTOBREATHE (Band);2
Nell (Band);2
Never Close Our Eyes - Adam Lambert (Music Video);2
The Never Ending (Band);2
New Edition (Band);2
New Found Glory (Band);2
Niila (Musician) RPF;2
Ninth Wave (Song Cycle);2
Now United (Band);2
NRK Lydverket;2
NS Yoon-G (Musician);2
Nuclear Assault (Band);2
Nul (Japan Band);2
Nyan Cat - saraj00n (Music Video);2
Oblivion Dust (Band);2
ОддисС | OddisS (Band);2
Offroad (Band);2
Olly Murs (Musician);2
Оля и Монстр | Olya e Monstr (Band);2
The Orion Experience (Band);2
ORβIT (Band);2
Otep (Band);2
The Outlandish Knight (Traditional Song);2
Overkill (Band);2
OXQ (Thailand Band);2
P Stew's Cowboy Classics - Patrick Stewart (Music Video);2
Phantom - Nathan Sharp (Music Video);2
Phil Ochs (Musician);2
The Piass;2
PIG (UK Band);2
Placebo (Japan Band);2
El Pony Pisador (Band);2
Prana | Wire Tap in My Ear;2
Prozzäk | Simon and Milo (Band);2
PUP (Band);2
Pyromania (Band);2
Que Raro - Feid & J. Balvin (Music Video);2
Quiet Riot (Band);2
Rabiosa - Shakira (Music Video);2
The Raconteurs (Band);2
Radioactive Chicken Heads (Band);2
Rare Americans (Band);2
Reba McEntire (Musician);2
Reboot Me - Jakeneutron ft. Eleanor Forte (Music Video);2
Recoil (Band);2
REDSQUARE (Band);2
Reik (Band);2
Relient K (Band);2
Rescue - KAT-TUN (Music Video);2
Rice (Band);2
Ride (Band);2
ROAM (Band);2
Rollins Band (Band);2
Romance - Wild Flag (Music Video);2
ROMEO (Band);2
Rose Noire (Band);2
Rose-Colored Boy - Paramore (Music Video);2
Rough - GFriend (Music Video);2
Round and Round - Selena Gomez (Music Video);2
Royal Blood (Band);2
Rush Rush - Paula Abdul (Music Video);2
S.H.E.;2
S.I.S (Korea Band);2
SATURDAY (Korea Band);2
Savatage (Band);2
SayWeCanFly;2
Scissor Sisters;2
SEEART (Band);2
SEKAI NO OWARI (Band);2
Sendai Kamotsu (Band);2
Seventh Void (Band);2
La Shark;2
SHAZNA (Band);2
She Talks To Rainbows - Shooter Jennings (Music Video);2
Sheytoons (Band);2
Shoot the Freak RPF;2
Shotgun Messiah;2
Shounenki (Band);2
Sia (Musician) RPF;2
Silvertomb (Band);2
Simple Creatures (Band);2
SING女团 | SING Girls' Group;2
Sky Sailing (Band);2
Sleater-Kinney (Band);2
Sleigh Bells (Band);2
Snow Patrol (Band);2
So What - LOONA (Music Video);2
Social Code (Band);2
Soft Machine (Band);2
Song Reader - Beck;2
Sons of All Pussys (Band);2
Sons of an Illustrious Father (Band);2
声音玩具 | Soundtoy (Band);2
SPECTRUM (Korea Band);2
Spooky Scary Skeletons - Andrew Gold (Unofficial Music Video);2
Stam1na (Band);2
Star Rider (KAT-TUN Music Video);2
State Champs (Band);2
The Station Breaks (Band);2
Status Quo (Band);2
STELLA... (Band);2
Stillste Stund (Band);2
Sting (Musician) RPF;2
The Strypes (Band);2
STU48;2
Subway to Sally (Band);2
Sugar Ray;2
Super Five (Band);2
SVN | Seven Girl Band (UK Band);2
"Synk;yet";2
Tab Benoit (Musician);2
Tangram (Band);2
Tarot (Band);2
Taylor Swift - Taylor Swift (Album 2006);2
Team Sleep (Band);2
The Tears (Band);2
Tech N9ne (Musician);2
Teeth - Lady Gaga (Music Video);2
Tempt (Thailand Band);2
Tenacious D (Band);2
TheFatRat (Musician) RPF;2
Them Crooked Vultures (Band);2
Theory of a Deadman (Band);2
These Immortal Souls (Band);2
Tiny Tim (Musician) RPF;2
Titanium - David Guetta ft. Sia (Music Video);2
TLC (Band);2
Todd Rundgren (Musician);2
東京マシン | Tokyo Machine (Musician);2
Tom Waits (Musician);2
至上励合 | Top Combine (Band);2
Tori Kelly (Musician);2
Total Eclipse of the Heart - Bonnie Tyler (Music Video);2
Trilogy (Midnight City-Reunion-Wait) - M83 (Music Videos);2
Turn Down for What - DJ Snake & Lil Jon (Music Video);2
Twisted Sister (Band);2
Twiztid (Band);2
The Ultimate Showdown of Ultimate Destiny - Lemon Demon (Music Video);2
UN1TY (Band);2
Unbreakable - Sinplus (Music Video);2
The Unicorns (Band);2
UNiTE (Japan Band);2
UnsraW;2
Utopia (Band);2
Vader (Band);2
VAMPIRE ROSE (Band);2
Vampires Everywhere!;2
Vazelina Bilopphøggers (Band);2
Venus Fly - Grimes ft. Janelle Monáe (Music Video);2
The Veronicas;2
Vesperteen (Band);2
VH1 Divas Las Vegas Concert;2
Vice†Risk;2
View from the Afternoon (Music Video);2
Village People (Band);2
La Vita Nuova - Christine and the Queens (Music Video);2
The Voice (Israel) RPF;2
Wainwright Family;2
Wake Me Up - Avicii (Music Video);2
Wakefire (Band);2
Walking on Broken Glass - Annie Lennox (Music Video);2
WASSUP (Band);2
We Appreciate Power - Grimes (Music Video);2
We Are the Fury;2
We Are The Heroes - Litesound (Music Video);2
We The Kings (Band);2
What Goes Around - Justin Timberlake (Music Video);2
Wheatus (Band);2
The Wife of Usher's Well (Traditional Ballad);2
Wild Orchid Children (Band);2
Wild Youth (Band);2
William Control (Band);2
Wings - Pixy (Music Video);2
Wise Guys (Germany Band);2
十二星宿 | XII Constellations (Band);2
Yeah Yeah Yeahs;2
Yelows Mob (Band);2
Yorushika (Band);2
You and I - Dreamcatcher (Music Video);2
You Belong With Me - Taylor Swift (Music Video);2
You Make Me Feel - Cobra Starship (Music Video);2
Zeromancer (Band);2
Zi:Kill (Band);2
ZIZ (Band);2
12 Stones (Band);1
The 13th Floor Elevators (Band);1
1NB (Band);1
4Ten (Band);1
504 Plan;1
777 | Triple 7 (Korea Band);1
7WEST;1
A-Teens (Sweden Band);1
A.DE (Band);1
A.I.VOICE;1
A$AP Mob;1
Abbey Death (Band);1
Ace of Base;1
Ace of Spades (Japan Band);1
Dat Adam (Band);1
Addiction (Japan Band);1
Adema (Band);1
Adrenaline Mob (Band);1
The Agonist;1
АИГЕЛ | AIGEL (Band);1
AILE (Band);1
Aiolin (Band);1
Airplane (Korea Band);1
AIsingers;1
AJJ (Band);1
Ak Dong Club;1
Alcest (Band);1
Aldious (Band);1
Alesana (Band);1
Alexandros (Japan Band);1
Ali Project (Band);1
Alice Cooper (Band);1
Aliene Ma'riage (Band);1
ALLS-GIRL (Korea Band);1
The Almost;1
Alone - Alan Walker (Music Video);1
ALPHA (Korea Band);1
alt-J (Band);1
Amanda Lopiccolo (Musician);1
Ambeon (Band);1
American Oxygen - Rihanna (Music Video);1
Amurekimuri (Band);1
Anaal Nathrakh (Band);1
Anavitória (Band);1
Anberlin;1
And You Give - Matthew Barber (Music Video);1
Andrew W. K. (Musician);1
Angus & Julia Stone;1
The Animals (Band);1
Anna Blue (Musician);1
Die Another Day - Madonna (Music Video);1
Anthem Lights (Band);1
ApeCrime (Band);1
Appelle mon numéro - Mylène Farmer (Music Video);1
Apple.B (Band);1
Arch Enemy (Band);1
Arege (Band);1
Argon (Korea Band);1
Ari Hest (Musician);1
The Arrogant Worms;1
Артерия | Arteria (Band);1
Артур Беркут | Arthur Berkut (Musician);1
Arven (Band);1
As December Falls (Band);1
Ashestoangels (Band);1
Asia (UK Band);1
ASIAN KUNG-FU GENERATION (Band);1
Assimilate (2019);1
At the Gates (Band);1
新しい学校のリーダーズ | Atarashii Gakkou no Leaders (Band);1
Atomic Kitten (Band);1
Augustana (Band);1
АукцЫон | Auktyon (Band);1
Aural Vampire;1
AvelCain (Band);1
AWS (Band);1
Aya (Musician);1
Ayria (Band);1
Ayumi Hamasaki (Musician);1
AZALEA (Japan Band);1
Aztec Camera (Band);1
The B-52s (Band);1
B5 (US Band);1
Babes in Toyland (Band);1
BabyKingdom (Band);1
Bad at Love - Halsey (Music Video);1
Bad Idea - Moon Bin & Sanha (Music Video);1
Bad Love - Key (Music Video);1
Bagman's Gambit - The Decemberists;1
BAISER (Band);1
Bananarama (Band);1
The Band (Canada Band);1
Bang Bang! (2014);1
The Bangles (Band);1
Bathory (Band);1
Bay City Rollers (Band);1
Be.A (Band);1
Beatcats (Band);1
Beautiful Trauma - P!nk (Music Video);1
BEcause - Dreamcatcher (Music Video);1
BECZ (Band);1
Beenzino (Musician);1
Belle and Sebastian;1
Belum Tidur - Hindia ft. Sal Priadi (Music Video);1
Ben Folds (Musician);1
Ben Howard (Musician) RPF;1
Ben&Ben (Band);1
Berry Bell (Band);1
Better Oblivion Community Center (Band);1
Betty - Brooke Fraser (Music Video);1
Between Raising Hell and Amazing Grace - Big & Rich (Music Video);1
Beyond My Control - Mylène Farmer (Music Video);1
Beyond the Veil - Lindsey Stirling (Music Video);1
Библиотека Просперо | Biblioteka Prospero (Band);1
Big Bad Bosses (Band);1
Big Sean (Musician) RPF;1
Bigflo & Oli (Band);1
Birdhouse in Your Soul - They Might Be Giants (Music Video);1
The Birthday Massacre (Band);1
美流沙女 | Birushana (1995 Soleil Band);1
BiS | Brand-new idol Society (Band);1
BiSH | Brand-new idol SHiT (Band);1
Bizzy Montana (Musician);1
Black Coffee - The Careless Lovers (Music Video);1
The Black Crowes (Band);1
Black Klaxon | Astaria (Band);1
Black Ring Dreams (Band);1
The Black Satans;1
THE BLACK SWAN (Band);1
Blackfield (Band);1
Blah Blah (Korea Band);1
Bleed in Me - Obscure Sphinx (Song Cycle);1
BlingBling (Korea Band);1
Blood (Japan Band);1
Blood Stain Child (Band);1
Bloodhound Gang (Band);1
The Bloody Beetroots;1
Blow - Ke$ha (Music Video);1
Blu-BiLLioN;1
The Blue Aces | The Aces (US Band);1
The Blue Stones (Band);1
BNK48;1
Bomb - AleXa (Music Video);1
Bon Iver (Band);1
Bonelace Weaver (Traditional Song);1
Bones UK (Band);1
BONUSbaby (Band);1
The BossHoss;1
BOYFRIENDS (Thailand Band);1
Boys Like Girls (Band);1
Boys World (US Band);1
Brave Girls (Korea Band);1
Breaking Pangaea (Band);1
Bree Sharp (Musician);1
Brett Eldredge (Musician);1
Brides of Destruction (Band);1
Britny Fox (Band);1
Broadside (Band);1
Broken Social Scene;1
Bros (UK Band);1
BTD (Before the Dawn) - Infinite (Music Video);1
Bubble Pop Electric - Gwen Stefani ft. Johnny Vulture;1
Budka Suflera (Band);1
bugAboo (Band);1
BUGVEL (Band);1
Build God Then We'll Talk - Panic! at the Disco (Music Video);1
Buono! (Band);1
Busker Busker (Band);1
Butch Walker and the Let's-Go-Out-Tonites;1
Butcher Babies (Band);1
Butterfly Syndrome (Band);1
Cacophony (Band);1
Cain's Offering;1
Cairokee (Band);1
CALABRESE (Band);1
California - Mylène Farmer (Music Video);1
Call Me When You're Sober - Evanescence (Music Video);1
Can't Remember to Forget You - Shakira ft. Rihanna (Music Video);1
Cane Hill (Band);1
CANIVAL (Band);1
El Canto del Loco;1
Caramella Girls (Virtual Band);1
Carrie Underwood (Musician);1
CatchingYourClouds;1
Catellena - Orange Caramel (Music Video);1
Cattle Decapitation (Band);1
Chameleon Circuit (Band);1
The Charlie Daniels Band (Band);1
Chayanne (Musician);1
CHELSEA (Japan Band);1
Cherry Glazerr (Band);1
The Chicks (US Band);1
쇼콜라 | Chocolat (Band);1
CHON (Band);1
筷子兄弟 | Chopstick Brothers (Band);1
Christian Burns (Musician);1
Chronic Future (Band);1
CHVRCHES (Band);1
Cirque - Sub Urban (Music Video);1
City of Angels - Coleman/Zippel/Gelbar;1
Ciuffi Rossi;1
Cleansing Cream - Brown Eyed Girls (Music Video);1
Click-B (Band);1
Clipping (US Band);1
Closer - The Chainsmokers ft. Halsey (Music Video);1
Cnema (Band);1
Coco Avenue (Band);1
Coconut Records;1
Çok Çok - Edis (Music Video);1
The Collective (Band);1
Color (Japan Band);1
The Color Fred (Band);1
Colors - Halsey (Music Video);1
Confide (Band);1
Coppelius (Band);1
Corey Harper (Musician);1
Corvus Corax (Band);1
Counting Crows (Band);1
Coverdale–Page (Band);1
Covette (Band);1
Coyote Milk Store (Band);1
CrazyEightyEight (Band);1
CRAZYNO (Musician);1
Creedence Clearwater Revival (Band);1
Crestillion (Band);1
Crossfaith (Band);1
Crucifixion (Japan Band);1
Cry Cry - T-ara (Music Video);1
Cuenta Pendiente - Paty Cantú ft. Alejandro Sanz (Music Video);1
Cursed Sails (Band);1
The Cybertronic Spree (Band);1
D-Unit;1
Dà Táng Hóng Yán Fù | Tang Dynasty Girl Poem (Music Video);1
Daddy Yankee (Musician);1
DaizyStripper;1
Damn Yankees (Band);1
The Dandy Warhols;1
Danger Danger (Band);1
daoko (Musician);1
Dark Horse - Katy Perry (Music Video);1
Dark Night - E ve (Music Video);1
Dark Tranquility (Band);1
暗い森のサーカス | Dark Woods Circus Series - Machigerita-P (Songs);1
Dashboard Confessional;1
Daughter (Band);1
Davey Suicide (Musician);1
Davichi;1
Day by Day - T-ara (Music Video);1
A Day in the Life of a Poolshark - Idiot Pilot (Music Video);1
Day Job Orchestra (Band);1
白日梦症候群 | DayDream Syndrome (Band);1
Days Gone By (Band);1
DAYWALKER! - Machine Gun Kelly ft. CORPSE (Music Video);1
Dead By Sunrise;1
deadman (Band);1
Death Cab For Cutie (Band);1
Deicide (Band);1
Demi the Daredevil (Musician);1
DEMION (Band);1
Demons Are A Girl's Best Friend - Powerwolf (Music Video);1
でんぱ組.inc | Dempagumi.inc (Band);1
Dernière Danse - Indila (Music Video);1
The Desert Sessions;1
Deutschland sucht den Superstar;1
Deviloof (Band);1
Diabulus in Musica (Band);1
Diamonds - Rihanna (Music Video);1
Diana Ross (Musician);1
Diary of Dreams (Band);1
Dices Que Te Vas - Karol G & Anuel AA (Music Video);1
DICKIDS (Korea Band);1
Die in Cries (Band);1
The Dillinger Escape Plan (Band);1
Dinner & Diatribes - Hozier (Music Video);1
Diorama (Germany Band);1
La Dispute (Band);1
The Distillers;1
Disturbia - Rihanna (Music Video);1
Dizaster (Musician) RPF;1
DMX (Musician) RPF;1
Do Or Die - AleXa (Music Video);1
Doce (Band);1
The Dolphin Brothers (Band);1
Don Broco (Band);1
Don Henley (Musician);1
Don't Pay the Ferryman - Chris de Burgh (Music Video);1
Don't Shoot Up the Party - Brockhampton (Music Video);1
Don't Sing - DATA ft. Benny Sings (Music Video);1
Donutman (Korea Musician);1
The Doobie Brothers (Band);1
Dorothy (Korea Band);1
Los Dos Carnales (Band);1
Doug Yowell (Musician);1
downy (Band);1
Dragonforce (Band);1
Dreamboys (Band);1
Drowners (Band);1
Dué le Quartz;1
Dumbfoundead (Musician);1
A Dustland Fairytale - The Killers (Music Video);1
E-Rotic (Band);1
Eazy-E (Musician);1
Echobrain;1
Echosmith (Band);1
Egil Saga - Faun (Music Video);1
Eidola (Band);1
Eighteen Visions (Band);1
Elastic Heart - Sia (Music Video);1
Ellas Bailan Sola;1
Eluveitie (Band);1
Emily - MIKA (song);1
Emmure (Band);1
En la Mar - Cécile Corbel (Music Video);1
England 2 Colombia 0 - Kirsty MacColl;1
円神 | Enjin (Band);1
Envy On The Coast;1
Envy Project (Band);1
Эпидемия | Epidemia (Band);1
Erasure (Band);1
Erik Hassle (Musician);1
ERO-2012 - Yamapi (Music Video);1
Error - VIXX (Music Video);1
EskEmo (Band);1
Eskimo Joe (Band);1
Eternal Summer - Mayday (Music Video);1
Eurydice - Sleepthief ft. Jody Quine (Music Video);1
Evlenmene Bak - İrem Derici (Music Video);1
Exodus (US Band);1
Express Yourself - Madonna (Music Video);1
The Faceless (Band);1
Fahrrad fahr'n - Max Raabe (Music Video);1
The Faim (Band);1
Fair to Midland (Band);1
Th' Faith Healers (Band);1
Fantasy - DyE (Music Video);1
Far (Band);1
Fear and Loathing in Las Vegas (Band);1
Феллини - БИ-2 & Сплин | Fellini - BI-2 & Splin (Music Video);1
Fettes Brot;1
Fight for the Eight - Kanjani8 (song);1
The Fine Art of Poisoning - Jill Tracy (Music Video);1
Fire - Kasabian (Music Video);1
The Firm (Band);1
First and Forever (Band);1
Five (Band);1
Five For Fighting (Musician);1
The FLARE (Japan Band);1
Fler (Musician);1
Flesh and Blood (1985);1
Fleshgod Apocalypse;1
Florida Georgia Line (Band);1
Fly - Nicki Minaj ft. Rihanna (Music Video);1
Follow - Monsta X (Music Video);1
Fools Rush In (Band);1
포레스텔라 | Forestella (Band);1
Forever the Sickest Kids;1
遗忘俱乐部 | Forgotten Club (Band);1
Fort Hope (Band);1
Forte di Quattro (Band);1
Foxy Shazam;1
FPL (Korea Band);1
Free (Band);1
Freewheel - Duke Special (Music Video);1
Froggy Fresh (Musician);1
Frozen - Madonna (Music Video);1
風男塾 | Fudanjuku (Band);1
Fur (UK Band);1
Fury in the Slaughterhouse;1
Future (Musician);1
G.NA (Musician) RPF;1
G.Soul (Musician);1
Galantis (Band);1
GANG PARADE (Japan Band);1
GARNET CROW (Band);1
Gaslight Anthem (Band);1
Gastunk;1
GE+IM (Band);1
GEM (Japan Band);1
Gemini Syndrome (Band);1
Get It In - Yoon Mirae (Music Video);1
Get Some - Ghosted (Music Video);1
The Getaway Plan (Band);1
The Ghost of a Sabre Tooth Tiger (Band);1
Ghost of the Robot;1
Ghost Town - Adam Lambert (Music Video);1
Gift (Korea Band);1
GIGAMOUS;1
Ginex (Band);1
Girl'e (Band);1
Gizmodrome (Band);1
Go Away - 2NE1 (Music Video);1
Gold - Ria Mae (Music Video);1
Goo Goo Dolls (Band);1
Goo's (Band);1
Good Grief - Dessa (Music Video);1
Goosehouse (Band);1
Gorgoroth (Norway Band);1
Gossip (Japan Band);1
Gossip (US Band);1
Grace Jeanette (Musician);1
Graduate (Band);1
The Grand Magnolias (Band);1
The Grateful Dead (Band);1
Gravity - Vienna Teng (Music Video);1
Gravity (Japan Band);1
The Gray Havens (Band);1
Green Green Grass of Home - Tom Jones (song);1
Grimoire (Japan Band);1
Grizzly Bear (Band);1
Guilty Verse - Peperon-P (Music Video);1
Gummy (Musician);1
Ha-He - Just a Band (Music Video);1
Haijin Kurobara Zoku;1
Haircut 100 (Band);1
Hands Like Houses (Band);1
hard rain - Lykke Li (Music Video);1
Harry and the Potters (Band);1
ハルレオ | Haruleo (Band);1
해쉬스완 | Hash Swan (Musician);1
Hatebreed (Band);1
Haunted Obachestra;1
Hawkwind (Band);1
Heart Attack Man (Band);1
Heart Forecast - E ve (Music Video);1
Heartist (Band);1
The Heathens (Band);1
Heavy - Linkin Park ft. Kiiara (Music Video);1
Heavy Stereo (Band);1
Heirsound (Band);1
ヘイセイプロジェクト | Heisei Project - Zips (Songs);1
Helena Beat - Foster The People (Music Video);1
Hello (From Under the Tree) - Scot Haney & Nicole Nalepa (Music Video);1
Here Comes the Rain Again - Dikla (Music Video);1
Here's To Never Growing Up - Avril Lavigne (Music Video);1
Herman's Hermits (Band);1
Hevisaurus (Band);1
Hey Jealousy - Gin Blossoms (song);1
Hide - Little May (Music Video);1
High Color (Korea Band);1
Hitorie (Band);1
The Hoax (Band);1
Hollywood Forever Cemetery Sings - Father John Misty (Music Video);1
Hollywood Vampires (Band);1
Holmes Crew (Band);1
Holy - Zolita (Music Video);1
Honey Magpie (Band);1
Honey Popcorn (Band);1
Hot Blood Youth (Band);1
House of Heroes (Band);1
House'llelujah - Stromae (Music Video);1
Howard Jones (Musician);1
Huitzil - Porter (Music Video);1
HUNNY (Band);1
hurts (Japan Band);1
Í Gøtu Ein Dag - Xperiment (Music Video);1
I Would Do Anything For Love (But I Won't Do That) - Meat Loaf (Music Video);1
I Write Sins Not Tragedies - Panic! at the Disco (Music Video);1
ICU (Korea Band);1
Idle Race;1
If You See Him - Reba McEntire (song);1
Ignite - K-391 & Alan Walker ft. Julie Bergan & Seungri (Music Video);1
IGO (China Band);1
Immortal (Norway Band);1
Imogen Heap (Musician);1
In Flames (Band);1
Infant Annihilator (Band);1
InnerS (Band);1
Inspire the Liars - Dance Gavin Dance (Music Video);1
INX (Band);1
Iolite (Musician) RPF;1
ISOLA;1
It Just Feels - Jihae (Music Video);1
Ivy Levan (Musician);1
Jack's Mannequin;1
The Jackson 5 (Band);1
Jai Waetford (Musician);1
James Durbin (Musician);1
Jamie T (Musician) RPF;1
Janne Da Arc;1
The Jeff Beck Group (Band);1
Jessie J (Musician);1
Jet (Band);1
Jewelry (Band);1
JiHAE (Musician);1
JJY Band | Drug Restaurant (Band);1
Jodeci (Band);1
Joe Jackson (Musician);1
Johnny Soviet and the Reds;1
Jonathan Young (Musician) RPF;1
Jooyoung (Musician);1
Joseph Arthur (Musician);1
Joss Stone;1
JPM;1
Jr. EXILE (Band);1
Jr. EXILE from Project TARO;1
Judah & the Lion (Band);1
Julien Doré (Musician);1
July Talk (Band);1
K3 (Band);1
Kami Band (Band);1
Kannivalism;1
Kanon x Kanon (Band);1
Kansas (Band);1
Katatonia (Band);1
Kate Rowe (Musician);1
Kazino - BIBI (Music Video);1
Kehlani (Musician);1
Khalil (Musician) RPF;1
King Diamond (Band);1
King Princess (Musician) RPF;1
Kings - The Pierces (Music Video);1
Kings & Queens - Ava Max (Music Video);1
Kingsland Road (Band);1
Kiss&Cry (Band);1
Kisum (Musician);1
Kitcaliber (Band);1
KittiB (Musician);1
Klaxons;1
Kodaline (Band);1
Koi Aanay Wala Hai - Strings (Music Video);1
The Kooks (UK Band);1
Король и Шут | Korol i Shut (Band);1
KSHMR (Musician) RPF;1
L'canchon dormoire | Le p'tit Quinquin - Alexandre Desrousseaux (Soing);1
La'veil MizeriA (Band);1
Lacrimosa (Band);1
Lady (Musician);1
LaFee (Musician);1
Лайки - БИ-2 | Laiki - BI-2 (Music Video);1
Lawson (Band);1
LC9 (Korea Band);1
Leaves' Eyes (Band);1
Lee Hyori (Musician);1
Leftöver Crack (Band);1
Legend of a Cowgirl - Imani Coppola (Music Video);1
LEO - E ve (Music Video);1
Leona Lewis (Musician);1
Leonard Cohen (Musician);1
Less Than Jake;1
Level 42 (Band);1
Lifelover (Band);1
Lights (Musician) RPF;1
Lil Jon (Musician);1
Little Big Town (Band);1
Lizzy Borden (Band);1
LMFAO;1
The Lochmaben Harper (Traditional Ballad);1
Lock (Band);1
Loggins & Messina (Band);1
Lolita23q (Band);1
Lolly Lolly Lolly Get Your Adverbs Here - Bob Dorough (Music Video);1
Lombard (Poland Band);1
London (US American Band);1
Looking Glass (Band);1
Loose Tapestries (Band);1
Loreena McKenitt (Singer);1
술이 달다 (LOVEDRUNK) - Epik High (Music Video);1
Lovey-Dovey - T-ara (Music Video);1
米奇老味神奇屋 | The Low Mays (Band);1
Lucifer's Underground;1
Lucy Spraggan (Musician);1
Luigi Russolo (Musician);1
Lupe Fiasco (Musician);1
LUPO LABEL (Band);1
Lustknot. (Band);1
Lyle Lovett and his Acoustic Group (Band);1
M!LK (Band);1
M.O.L.A (Korea Band);1
M.pire;1
Mad Season (Band);1
Madmans Esprit (Band);1
Magazine (UK Band);1
Магелланово Облако | Magellanovo Oblako (Band);1
Maggie Rogers (Musician) RPF;1
Magic Man (Band);1
Mägo de Oz (Band);1
Majestica | ReinXeed (Band);1
MAKEOUT (Band);1
The Mamas and The Papas (Band);1
Mamireta (Band);1
Mandragora Scream (Band);1
MANTA (Band);1
Many Moons - Janelle Monáe (Music Video);1
Manzini (Musician);1
Marcus & Martinus (Band);1
Maren Morris (Musician);1
Marilyn (UK Musician) RPF;1
Mark Lanegan (Musician);1
Mark Ronson (Musician);1
Marmozets (Band);1
Married to a Mermaid (Traditional Song);1
Marry Me - Thomas Rhett (Music Video);1
Mary Jane's Last Dance - Tom Petty and the Heartbreakers (Music Video);1
Massive Attack (Band);1
The Matches (Band);1
Material Issue (Band);1
Mathilda (Japan Band);1
Matilda (Korea Band);1
Max George (Musician);1
MBAND (Russia Band);1
La Mejor Versión de Mi - Natti Natasha (Music Video);1
MELLO (Japan Band);1
Melody Day (Band);1
-the MelT-;1
The Melvins (Band);1
Mendilimde Kırmızım Var - Mabel Matiz ft. Sibel Gürsoy (Music Video);1
MerCurius (Band);1
Meredith Brooks (Musician);1
The Merry Widow - Takarazuka Revue;1
Merzbow (Musician) RPF;1
Metronome (Japan Band);1
MIANHAE | Sorry - Heize (Music Video);1
Michael Guy Chislett (Musician);1
Michael Levine (Musician);1
道 | Michi - yumirose (Minna no Uta Music Video);1
Mickey Avalon (Musician);1
Midland (US Band);1
The Midnight Beast (Band);1
Milky Chance (Band);1
Millionaires (Band);1
Mini Pop Kids (Canada Band);1
痛仰 | Miserable Faith (Band);1
Misery - Maroon 5 (Music Video);1
MISIA (Musician) RPF;1
Mission Impossible - The Piano Guys ft. Lindsey Stirling (Music Video);1
Misterwives (Band);1
Monster Night - Ueda Tatsuya (Music Video);1
MOON CHILD (Band);1
Moovalya (Band);1
Morat (Band);1
Morgan (UK Band);1
Morning Bond;1
Morphine (Band);1
Mr. Fox - Frankie Armstrong (song);1
MU (Japan Band);1
Murder on the Dance Floor - Sophie Ellis-Bextor (Music Video);1
The Murlocs (Band);1
My Personal Murderer (Band);1
n'DooL (Japan Band);1
N/A (Japan Band);1
NANDA (Band);1
Narwhals - MrWeebl (Music Video);1
Natalie (Japan Band);1
Nazz (Band);1
NC.A (Musician);1
Ne pleure pas Jeannette (Traditional Song);1
Neko Case (Musician) RPF;1
NeonPunch (Band);1
The Neptunes;1
NERO (Band);1
Нервы | Nervi (Band);1
Neutral Milk Hotel (Band);1
New Rules (Band);1
Nico (German Musician) RPF;1
Night Ranger (Band);1
Nikita - Elton John (Music Video);1
NiziU (Band);1
No Devotion (Band);1
NO ハウス | Hoshi NO House (Band);1
高尚 - 薛之谦 | Noble - Joker Xue (Music Video);1
Ночные Снайперы | Nochnye Snaipery (Band);1
Noel Torres (Musician);1
North Til Dawn (Band);1
Not My God (Band);1
Nova Twins (Band);1
THE NOVEMBERS (Band);1
내일은 없어 (Now) | Now (There Is No Tomorrow) - Trouble Maker (Music Video);1
Nu'Bility (Band);1
Les nuits d'été - Berlioz;1
The Oak Ridge Boys (Band);1
Odin (US Band);1
Oh Sleeper (Band);1
Oh Wonder (Band);1
OHBliss (Band);1
ohGr (Band);1
Olek Grotowski (Musician);1
Omega Dripp (Band);1
Once Human (Band);1
One Last Shot (Band);1
One More Day - Sistar and Giorgio Moroder (Music Video);1
One Year Stand (Band);1
Orange Juice (Band);1
Ordo Rosarius Equilibrio (Band);1
The Organization of Broken Toys;1
Os Paralamas do Sucesso (Band);1
Our Deal - Best Coast (Music Video - Extended);1
Our Lady Peace;1
Owen Pallett (Musician);1
Owner of a Lonely Heart - Yes (Music Video);1
P.O.P (Korea Band);1
Palms (Band);1
Pangarap Lang Kita - Parokya Ni Edgar Ft. Happee Sy (Music Video);1
Pansy Division (Band);1
Panzerfaust (Band);1
Papa Don't Preach - Madonna (Music Video);1
Paper Airplane - Alison Krauss (Music Video);1
Parachute (Band);1
Paradise - Coldplay (Music Video);1
Paradise Fears (Band);1
Paran;1
Park Hyoshin (Musician);1
Park Won (Musician) RPF;1
Partner (Canada Band);1
Passion Pit;1
Paul Carella (Musician);1
Pavement (US Band);1
Pegboard Nerds (Band);1
Perfect - P!nk (Music Video);1
Pete Parkkonen (Musician);1
Peter Paul and Mary (Band);1
Petitmoni;1
Phallucy (Band);1
凤凰传奇 | Phoenix Legend (Band);1
Piano Burning - clipping. (Music Video);1
The Piano Guys (Band);1
Piano Man - Mamamoo (Music Video);1
Picturesque (Band);1
The Pillows (Band);1
The Pine Box Boys (Band);1
Pinhead Gunpowder (Band);1
Pistol Grip (Band);1
Pizza Kids (Band);1
Planet P Project;1
Planlos (Band);1
Playback (Korea Band);1
The Plot in You (Band);1
PLT (Korea Band);1
LA POEM (Band);1
Poison - Secret (Music Video);1
POLYSICS (Band);1
Porcelain and the Tramps;1
Portishead (Band);1
PoshGirls (Korea Band);1
Powerman 5000 (Band);1
THE PREDATORS (Japan Band);1
The Pretenders (Band);1
Pretty Boy Floyd (US Band);1
Primal Scream;1
Princes to Kings (Band);1
Princess of China - Coldplay (Music Video);1
Private Line;1
Problems - Salmonella Dub (Music Video);1
The Prodigy (Band);1
Project Funny | F@NNY (Band);1
Psyche Corporation;1
Psychic Fever from Exile Tribe (Band);1
PUBLIC (US Band);1
Purple Rain (Band);1
Pussycat Dolls;1
Queen B'Z (Band);1
Queensrÿche (Band);1
卧轨的火车 | Railway Suicide Train (Band);1
Ramiel (Japan Band);1
RAMISU (Band);1
RANIA (Band);1
Raul Seixas (Musician);1
Ray Gun Jones;1
Rayflower;1
re_Cycle - Seiji (Music Video);1
Reflexion (Band);1
Regalia (Band);1
The Regrettes (Band);1
Ren Queenston (Musician);1
The Replacements (Band);1
Restless Hearts and Silent Pioneers - Screaming Maldini (song);1
Revenger - Miryo (Music Video);1
Revolution - AleXa (Music Video);1
Revolverheld (Band);1
Rhapsody of Fire (Band);1
Rick Springfield (Musician);1
Rion Five (Band);1
Rixton (Band);1
Robots In Disguise (Band);1
A Rocket to the Moon;1
Rockstars on Mars (Band);1
Ron Pope (Musician);1
Roxette (Band);1
The Royal Family (Band);1
Rugia(g)gram (Band);1
Rumahoy (Band);1
Runaway Jetpack (Band);1
Runrig (Band);1
るるちゃんの自殺配信 - 神聖かまってちゃん | Ruru's Suicide Show On A Livestream - Shinsei Kamattechan (Music Video);1
The Rutles (Band);1
R指定 | R-Shitei;1
S Club 8 (Band);1
S.E.S. (Band);1
sads (Japan Band);1
さくら学院 | Sakura Gakuin;1
SALLY (Japan Band);1
Saltatio Mortis (Band);1
Sanctify - Years & Years (Music Video);1
Saosin (Band);1
Sarah Slean (Musician);1
Sarigia (Band);1
Say Amen (Saturday Night) - Panic! at the Disco (Music Video);1
Say Anything (Band);1
Say You'll Haunt Me - Stone Sour (Music Video);1
Scandroid (Band);1
Scapegoat (Japan Band);1
Scar the Martyr (Band);1
Scarlet Dorn (Band);1
Scarlet Valse;1
SCHELLEN (Band);1
Die schöne Müllerin - Franz Schubert (Song Cycle);1
The Script (Band);1
Scritti Politti (Band);1
Scrubb (Thailand Band);1
Scythelord (Band);1
SEA GIRLS (Band);1
Sean + Conor Price (Band);1
Secilia Luna (Band);1
Secret Machines;1
SECRET NUMBER (Band);1
Seether (Band);1
Seigmen (Band);1
Seike (Musician);1
Sellout (Japan Band);1
Selofan (Band);1
서태지와 아이들 | Seo Taiji and Boys (Band);1
SEREBRO (Band);1
Seremedy (Band);1
Sevendust (Band);1
Sexy Street (Band);1
Sham 69 (Band);1
Shape of You - Malinda Kathleen Reese (Music Video);1
Sharptooth (Band);1
Shaura (Musician) RPF;1
She Past Away (Band);1
She Wolf (Falling to Pieces) - David Guetta ft. Sia (Music Video);1
羊 | Sheep (Alan Walker Relift) - Lay ft. Alan Walker (Music Video);1
Shihad (Band);1
Shining (Sweden Band);1
Shiny Toy Guns (Band);1
The Shrine / An Argument - Fleet Foxes (Music Video);1
Shy Away - Twenty One Pilots (Music Video);1
Silver Ash (Band);1
Sing Me To Sleep - Alan Walker (Music Video);1
Singing in the Rain - LOONA (Music Video);1
Sixth Sense - Brown Eyed Girls (Music Video);1
Sky Ferreira (Musician);1
A Skylit Drive (Band);1
Slim Cessna's Auto Club;1
SMaSH (Indonesia Band);1
SMASH (Korea Band);1
СМЭШ!! | Smash!! (Russia Band);1
Smooth Operator - Sade (Music Video);1
Snap! (Germany Band);1
Snow White and Rose Red - Blackbriar (feat. Ulli Perhonen);1
Social Distortion (Band);1
Social Repose (Musician);1
Soda Stereo;1
Soen (Band);1
Soft Cell (Band);1
Someone New - Hozier (Music Video);1
Something In The Water - Brooke Fraser (Music Video);1
Something To Talk About - Onorobo;1
Souiumono (Band);1
Sounds Like Harmony (Musician);1
Spector (Band);1
Speed (Japan Band);1
Spiritbox (Band);1
Spiritual Front (Band);1
Spiritualized (Band);1
Spoon;1
Spring Break Anthem - The Lonely Island (Music Video);1
Sprung Monkey (Band);1
SPYAIR (Band);1
Squeeze (Band);1
St. Vincent (Musician);1
The Star ค้นฟ้าคว้าดาว RPF;1
Stars in Stereo (Band);1
Starships - Lindsey Stirling and Megan Nicole (Music Video);1
Starting Line;1
Static ve Ben-el Tavori (Band);1
Stellar Paradigm Series - Dasu (Songs);1
Steve Aoki (Musician);1
Stone Roses;1
Stormtroopers of Death (Band);1
Strawberry Switchblade (Band);1
Stray Cats (Band);1
The Suburbs - Arcade Fire (Music Video);1
Summoning (Austria Band);1
Sung Sikyung (Musician) RPF;1
Sunny Hill (Band);1
Superet (Band);1
Supernova (Korea Band);1
Supertramp (Band);1
Suppuration (Ukraine Band);1
The Supremes | Diana Ross & The Supremes (Band);1
Survival - Muse (Music Video);1
Susanne Sundfør (Musician);1
Suzi Quatro (Musician);1
Suzy Snowflake - Rosemary Clooney;1
SWANKY DANK (Band);1
Swans (Band);1
Sweet Suspense (Band);1
The Swell Season (Band);1
SYML (Musician);1
Symphony X (Band);1
Syndrome (Band);1
Synside (Band);1
Štefan | Stephen - Hrdza (Music Video);1
Taesaja;1
꼬리 | Tail - Sunmi (Music Video);1
Take Flight - Lindsey Stirling (Music Video);1
Take No Break (Band);1
Tanzwut (Band);1
Teenage Dream - Katy Perry (Music Video);1
Tesla (Band);1
Test Drive - Akanishi Jin (Music Video);1
Testify - Alan Doyle (Music Video);1
Thalía (Musician) RPF;1
疯医｜The Fallacy (China Band);1
The Клюквінs | The Klukwins (Band);1
Theatre Of Tragedy (Band);1
Thee 50's High Teens (Band);1
Theme from Shaft - Isaac Hayes (song);1
Thin Lizzy (Band);1
Third Eye Blind;1
#ThisCouldBeUs - Doug Locke (Music Video);1
Thornapple (Band);1
Tiamat (Band);1
Tides of Man (Band);1
Tiger Army (Band);1
Timeless Miracle (Band);1
Tin Machine (Band);1
Tired - Alan Walker ft. Gavin James (Music Video);1
To Hell and Back - Vane (Songs);1
THE TOKYO HIGH BLACK;1
Tom Jones (Musician);1
战斧 | Tomahawk (China Band);1
Toto (Band);1
The Tragically Hip (Band);1
Tramp Stamps (Band);1
TrAp DeMoN (Musician);1
"Trapped In The Drive-Thru - ""Weird Al"" Yankovic (Music Video)";1
TRiANGLE SONiX (Band);1
Tristana - Mylène Farmer (Music Video);1
Triumph (Band);1
Trixter (Band);1
Trouble Maker - Trouble Maker (Music Video);1
Truth or Dare - Ton Thanasit (Music Video);1
Tu vas me manquer - Maître Gims (Music Video);1
Tu[ism];1
Tubeway Army (Band);1
Tucked - Katy Perry (Music Video);1
Tuff (Band);1
Turn Me On - David Guetta ft. Nicki Minaj (Music Video);1
Twenty One Two (Band);1
Twin Twin (Band);1
Twins☆ (Japan Band);1
二時間だけのバカンス feat. 椎名林檎 - 宇多田ヒカル | A Two-Hour Vacation feat. Sheena Ringo - Utada Hikaru (Music Video);1
Uh Huh Her (Band);1
Um Oh Ah Yeh - Mamamoo (Music Video);1
Under Bergets Rot - Finntroll (Music Video);1
UNDIVIDE (Band);1
Unheilig;1
The Unity (Germany Band);1
UNVS (Band);1
Up All Night - Beck (Music Video);1
Us The Duo (Band);1
Valery Kipelov (Musician);1
Vallis Alps (Band);1
Vampire Love Dolls (Band);1
The Vandals (Band);1
Vanilla Ice (Musician) RPF;1
Varúð - Sigur Rós (Music Video);1
The Vegetable Orchestra (Band);1
Velvet Revolver (Band);1
Venom (UK Band);1
Verba & Оля Пулатова | Verba & Olya Pulatova (Band);1
Vermuda (Band);1
VERRY (Band);1
Vinnie Vincent Invasion (Band);1
Violently Happy - Björk (Music Video);1
Vision Video (Band);1
The Voice Kids (Belgium 2014) RPF;1
VR Sex (Band);1
W24 (Korea Band);1
Walkaway Joe - Trisha Yearwood ft. Don Henley (Music Video);1
Walls of Jericho;1
Wardruna (Band);1
Warpaint (Band);1
We Are 1;1
We As Human (Band);1
Ween (Band);1
Wet Wet Wet (Band);1
What Else Is There? - Röyksopp (Music Video);1
What It Feels Like for a Girl - Madonna (Music Video);1
What's It Gonna Be? - Shura (Music Video);1
Wheels On The Bus - Melanie Martinez (Music Video);1
Will You Still Love Me Tomorrow? - Bryan Ferry (Music Video);1
The Willis Clan (Band);1
The Winery Dogs (Band);1
With One Last Breath;1
Wiz Khalifa (Musician);1
Woe Is Me (Band);1
The Wombats (Band);1
The Word Alive;1
World Order (Band);1
Written In Gray (Band);1
WSTR (Band);1
Xandria (Band);1
Xibalba (Japan Band);1
Xiu Xiu (Band);1
XOX (Japan Band);1
XTRMST;1
Yanni (Musician) RPF;1
我心中尚未崩壞的地方 - 五月天 | The Yet Unbroken Part of My Heart - Mayday (Music Video);1
Yeti (Japan Band);1
Yngwie Malmsteen (Musician);1
You In Me - K.A.R.D (Music Video);1
You're Welcome - Jordan Fisher (Music Video);1
YOU&I - IU (Music Video);1
Young Heretics (Band);1
Young the Giant (Band);1
Young Thugs Club (Korea Band);1
YTC4LYF (Band);1
Yulia - Wolf Parade (Music Video);1
夢みるアドレセンス | Yumemiru Adolescence;1
Yung Lean (Musician) RPF;1
Zac Brown Band;1
Zigzo (Band);1
Zugezogen Maskulin;1
ZZ Top (Band);1
